paper,pose,angle,bx,act,phi,currentBoxArea,candidateTipArea,candidateArmArea
0.2,0,100,-33,0,155,0,0,0
0.2,0.001,100,-33,0,155,0,0,0
0.2,0.002,100,-33,0,155,0,0,0
0.2,0.003,100,-33,0,155,0,0,0
0.2,0.004,100,-33,0,155,0,0,0
0.2,0.005,100,-33,0,155,0,0,0
0.2,0.006,100,-33,0,155,0,0,0
0.2,0.007,100,-33,0,155,0,0,0
0.2,0.008,100,-33,0,155,0,0,0
0.2,0.009,100,-33,0,155,0,0,0
0.2,0.01,100,-33,0,155,0,0,0
0.2,0.011,100,-33,0,155,0,0,0
0.2,0.012,100,-33,0,155,0,0,0
0.2,0.013,100,-33,0,155,0,0,0
0.2,0.014,100,-33,0,155,0,0,0
0.2,0.015,100,-33,0,155,0,0,0
0.2,0.016,100,-33,0,155,0,0,0
0.2,0.017,100,-33,0,155,0,0,0
0.2,0.018,100,-33,0,155,0,0,0
0.2,0.019,100,-33,0,155,0,0,0
0.2,0.02,100,-33,0,155,0,0,0
0.2,0.021,100,-33,0,155,0,0,0
0.2,0.022,100,-33,0,155,0,0,0
0.2,0.023,100,-33,0,155,0,0,0
0.2,0.024,100,-33,0,155,0,0,0
0.2,0.025,100,-33,0,155,0,0,0
0.2,0.026,100,-33,0,155,0,0,0
0.2,0.027,100,-33,0,155,0,0,0
0.2,0.028,100,-33,0,155,0,0,0
0.2,0.029,100,-33,0,155,0,0,0
0.2,0.03,100,-33,0,155,0,0,0
0.2,0.031,100,-33,0,155,0,0,0
0.2,0.032,100,-33,0,155,0,0,0
0.2,0.033,100,-33,0,155,0,0,0
0.2,0.034,100,-33,0,155,0,0,0
0.2,0.035,100,-33,0,155,0,0,0
0.2,0.036,100,-33,0,155,0,0,0
0.2,0.037,100,-33,0,155,0,0,0
0.2,0.038,100,-33,0,155,0,0,0
0.2,0.039,100,-33,0,155,0,0,0
0.2,0.04,100,-33,0,155,0,0,0
0.2,0.041,100,-33,0,155,0,0,0
0.2,0.042,100,-33,0,155,0,0,0
0.2,0.043,100,-33,0,155,0,0,0
0.2,0.044,100,-33,0,155,0,0,0
0.2,0.045,100,-33,0,155,0,0,0
0.2,0.046,100,-33,0,155,0,0,0
0.2,0.047,100,-33,0,155,0,0,0
0.2,0.048,100,-33,0,155,0,0,0
0.2,0.049,100,-33,0,155,0,0,0
0.2,0.05,100,-33,0,155,0,0,0
0.2,0.051,100,-33,0,155,0,0,0
0.2,0.052,100,-33,0,155,0,0,0
0.2,0.053,100,-33,0,155,0,0,0
0.2,0.054,100,-33,0,155,0,0,0
0.2,0.055,100,-33,0,155,0,0,0
0.2,0.056,100,-33,0,155,0,0,0
0.2,0.057,100,-33,0,155,0,0,0
0.2,0.058,100,-33,0,155,0,0,0
0.2,0.059,100,-33,0,155,0,0,0
0.2,0.06,100,-33,0,155,0,0,0
0.2,0.061,100,-33,0,155,0,0,0
0.2,0.062,100,-33,0,155,0,0,0
0.2,0.063,100,-33,0,155,0,0,0
0.2,0.064,100,-33,0,155,0,0,0
0.2,0.065,100,-33,0,155,0,0,0
0.2,0.066,100,-33,0,155,0,0,0
0.2,0.067,100,-33,0,155,0,0,0
0.2,0.068,100,-33,0,155,0,0,0
0.2,0.069,100,-33,0,155,0,0,0
0.2,0.07,100,-33,0,155,0,0,0
0.2,0.071,100,-33,0,155,0,0,0
0.2,0.072,100,-33,0,155,0,0,0
0.2,0.073,100,-33,0,155,0,0,0
0.2,0.074,100,-33,0,155,0,0,0
0.2,0.075,100,-33,0,155,0,0,0
0.2,0.076,100,-33,0,155,0,0,0
0.2,0.077,100,-33,0,155,0,0,0
0.2,0.078,100,-33,0,155,0,0,0
0.2,0.079,100,-33,0,155,0,0,0
0.2,0.08,100,-33,0,155,0,0,0
0.2,0.081,100,-33,0,155,0,0,0
0.2,0.082,100,-33,0,155,0,0,0
0.2,0.083,100,-33,0,155,0,0,0
0.2,0.084,100,-33,0,155,0,0,0
0.2,0.085,100,-33,0,155,0,0,0
0.2,0.086,100,-33,0,155,0,0,0
0.2,0.087,100,-33,0,155,0,0,0
0.2,0.088,100,-33,0,155,0,0,0
0.2,0.089,100,-33,0,155,0,0,0
0.2,0.09,100,-33,0,155,0,0,0
0.2,0.091,100,-33,0,155,0,0,0
0.2,0.092,100,-33,0,155,0,0,0
0.2,0.093,100,-33,0,155,0,0,0
0.2,0.094,100,-33,0,155,0,0,0
0.2,0.095,100,-33,0,155,0,0,0
0.2,0.096,100,-33,0,155,0,0,0
0.2,0.097,100,-33,0,155,0,0,0
0.2,0.098,100,-33,0,155,0,0,0
0.2,0.099,100,-33,0,155,0,0,0
0.2,0.1,100,-33,0,155,0,0,0
0.2,0.101,100.28306967822783,-33,0,155,0,0,0
0.2,0.102,100.56613935645568,-33,0,155,0,0,0
0.2,0.103,100.8492090346835,-33,0,155,0,0,0
0.2,0.104,101.13227871291133,-33,0,155,0,0,0
0.2,0.105,101.41534839113916,-33,0,155,0,0,0
0.2,0.106,101.698418069367,-33,0,155,0,0,0
0.2,0.107,101.98148774759484,-33,0,155,0,0,0
0.2,0.108,102.26455742582266,-33,0,155,0,0,0
0.2,0.109,102.5476271040505,-33,0,155,0,0,0
0.2,0.11,102.83069678227832,-33,0,155,0,0,0
0.2,0.111,103.11376646050617,-33,0,155,0,0,0
0.2,0.112,103.396836138734,-33,0,155,0,0,0
0.2,0.113,103.67990581696183,-33,0,155,0,0,0
0.2,0.114,103.96297549518967,-33,0,155,0,0,0
0.2,0.115,104.24604517341749,-33,0,155,0,0,0
0.2,0.116,104.52911485164533,-33,0,155,0,0,0
0.2,0.117,104.81218452987316,-33,0,155,0,0,0
0.2,0.118,105.095254208101,-33,0,155,0,0,0
0.2,0.119,105.37832388632883,-33,0,155,0,0,0
0.2,0.12,105.66139356455668,-33,0,155,0,0,0
0.2,0.121,105.9444632427845,-33,0,155,0,0,0
0.2,0.122,106.22753292101233,-33,0,155,0,0,0
0.2,0.123,106.51060259924016,-33,0,155,0,0,0
0.2,0.124,106.79367227746799,-33,0,155,0,0,0
0.2,0.125,107.07674195569584,-33,0,155,0,0,0
0.2,0.126,107.35981163392366,-33,0,155,0,0,0
0.2,0.127,107.6428813121515,-33,0,155,0,0,0
0.2,0.128,107.92595099037933,-33,0,155,0,0,0
0.2,0.129,108.20902066860717,-33,0,155,0,0,0
0.2,0.13,108.492090346835,-33,0,155,0,0,0
0.2,0.131,108.77516002506285,-33,0,155,0,0,0
0.2,0.132,109.05822970329066,-33,0,155,0,0,0
0.2,0.133,109.3412993815185,-33,0,155,0,0,0
0.2,0.134,109.62436905974633,-33,0,155,0,0,0
0.2,0.135,109.90743873797416,-33,0,155,0,0,0
0.2,0.136,110.19050841620201,-33,0,155,0,0,0
0.2,0.137,110.47357809442983,-33,0,155,0,0,0
0.2,0.138,110.75664777265767,-33,0,155,0,0,0
0.2,0.139,111.03971745088549,-33,0,155,0,0,0
0.2,0.14,111.32278712911334,-33,0,155,0,0,0
0.2,0.141,111.60585680734114,-33,0,155,0,0,0
0.2,0.142,111.88892648556899,-33,0,155,0,0,0
0.2,0.143,112.17199616379682,-33,0,155,0,0,0
0.2,0.144,112.45506584202465,-33,0,155,0,0,0
0.2,0.145,112.7381355202525,-33,0,155,0,0,0
0.2,0.146,113.02120519848033,-33,0,155,0,0,0
0.2,0.147,113.30427487670816,-33,0,155,0,0,0
0.2,0.148,113.587344554936,-33,0,155,0,0,0
0.2,0.149,113.87041423316381,-33,0,155,0,0,0
0.2,0.15,114.15348391139165,-33,0,155,0,0,0
0.2,0.151,114.43655358961949,-33,0,155,0,0,0
0.2,0.152,114.71962326784733,-33,0,155,0,0,0
0.2,0.153,115.00269294607516,-33,0,155,0,0,0
0.2,0.154,115.28576262430298,-33,0,155,0,0,0
0.2,0.155,115.56883230253082,-33,0,155,0,0,0
0.2,0.156,115.85190198075865,-33,0,155,0,0,0
0.2,0.157,116.13497165898649,-33,0,155,0,0,0
0.2,0.158,116.41804133721432,-33,0,155,0,0,0
0.2,0.159,116.70111101544217,-33,0,155,0,0,0
0.2,0.16,116.98418069366998,-33,0,155,0,0,0
0.2,0.161,117.26725037189783,-33,0,155,0,0,0
0.2,0.162,117.55032005012565,-33,0,155,0,0,0
0.2,0.163,117.8333897283535,-33,0,155,0,0,0
0.2,0.164,118.11645940658133,-33,0,155,0,0,0
0.2,0.165,118.39952908480917,-33,0,155,0,0,0
0.2,0.166,118.68259876303699,-33,0,155,0,0,0
0.2,0.167,118.96566844126482,-33,0,155,0,0,0
0.2,0.168,119.24873811949266,-33,0,155,0,0,0
0.2,0.169,119.53180779772049,-33,0,155,0,0,0
0.2,0.17,119.81487747594834,-33,0,155,0,0,0
0.2,0.171,120.09794715417615,-33,0,155,0,0,0
0.2,0.172,120.38101683240399,-33,0,155,0,0,0
0.2,0.173,120.66408651063182,-33,0,155,0,0,0
0.2,0.174,120.94715618885965,-33,0,155,0,0,0
0.2,0.175,121.2302258670875,-33,0,155,0,0,0
0.2,0.176,121.51329554531532,-33,0,155,0,0,0
0.2,0.177,121.79636522354316,-33,0,155,0,0,0
0.2,0.178,122.07943490177098,-33,0,155,0,0,0
0.2,0.179,122.36250457999883,-33,0,155,0,0,0
0.2,0.18,122.64557425822666,-33,0,155,0,0,0
0.2,0.181,122.92864393645448,-33,0,155,0,0,0
0.2,0.182,123.21171361468232,-33,0,155,0,0,0
0.2,0.183,123.49478329291014,-33,0,155,0,0,0
0.2,0.184,123.77785297113799,-33,0,155,0,0,0
0.2,0.185,124.06092264936582,-33,0,155,0,0,0
0.2,0.186,124.34399232759365,-33,0,155,0,0,0
0.2,0.187,124.62706200582149,-33,0,155,0,0,0
0.2,0.188,124.91013168404933,-33,0,155,0,0,0
0.2,0.189,125.19320136227715,-33,0,155,0,0,0
0.2,0.19,125.476271040505,-33,0,155,0,0,0
0.2,0.191,125.75934071873282,-33,0,155,0,0,0
0.2,0.192,126.04241039696066,-33,0,155,0,0,0
0.2,0.193,126.3254800751885,-33,0,155,0,0,0
0.2,0.194,126.60854975341631,-33,0,155,0,0,0
0.2,0.195,126.89161943164416,-33,0,155,0,0,0
0.2,0.196,127.17468910987198,-33,0,155,0,0,0
0.2,0.197,127.45775878809982,-33,0,155,0,0,0
0.2,0.198,127.74082846632766,-33,0,155,0,0,0
0.2,0.199,128.0238981445555,-33,0,155,0,0,0
0.2,0.2,128.30696782278332,-33,0,155,0,0,0
0.2,0.201,128.59003750101115,-33,0,155,0,0,0
0.2,0.202,128.87310717923899,-33,0,155,0,0,0
0.2,0.203,129.15617685746682,-33,0,155,0,0,0
0.2,0.204,129.43924653569465,-33,0,155,0,0,0
0.2,0.205,129.72231621392248,-33,0,155,0,0,0
0.2,0.206,130.00538589215031,-33,0,155,0,0,0
0.2,0.207,130.28845557037815,-33,0,155,0,0,0
0.2,0.208,130.57152524860595,-33,0,155,0,0,0
0.2,0.209,130.8545949268338,-33,0,155,0,0,0
0.2,0.21,131.13766460506167,-33,0,155,0,0,0
0.2,0.211,131.42073428328948,-33,0,155,0,0,0
0.2,0.212,131.7038039615173,-33,0,155,0,0,0
0.2,0.213,131.98687363974517,-33,0,155,0,0,0
0.2,0.214,132.26994331797297,-33,0,155,0,0,0
0.2,0.215,132.55301299620083,-33,0,155,0,0,0
0.2,0.216,132.83608267442864,-33,0,155,0,0,0
0.2,0.217,133.11915235265647,-33,0,155,0,0,0
0.2,0.218,133.40222203088433,-33,0,155,0,0,0
0.2,0.219,133.68529170911216,-33,0,155,0,0,0
0.2,0.22,133.96836138734,-33,0,155,0,0,0
0.2,0.221,134.2514310655678,-33,0,155,0,0,0
0.2,0.222,134.53450074379566,-33,0,155,0,0,0
0.2,0.223,134.81757042202346,-33,0,155,0,0,0
0.2,0.224,135.10064010025133,-33,0,155,0,0,0
0.2,0.225,135.38370977847913,-33,0,155,0,0,0
0.2,0.226,135.666779456707,-33,0,155,0,0,0
0.2,0.227,135.9498491349348,-33,0,155,0,0,0
0.2,0.228,136.23291881316266,-33,0,155,0,0,0
0.2,0.229,136.5159884913905,-33,0,155,0,0,0
0.2,0.23,136.7990581696183,-33,0,155,0,0,0
0.2,0.231,137.08212784784615,-33,0,155,0,0,0
0.2,0.232,137.36519752607398,-33,0,155,0,0,0
0.2,0.233,137.64826720430182,-33,0,155,0,0,0
0.2,0.234,137.93133688252962,-33,0,155,0,0,0
0.2,0.235,138.21440656075745,-33,0,155,0,0,0
0.2,0.236,138.49747623898529,-33,0,155,0,0,0
0.2,0.237,138.78054591721317,-33,0,155,0,0,0
0.2,0.238,139.06361559544098,-33,0,155,0,0,0
0.2,0.239,139.34668527366878,-33,0,155,0,0,0
0.2,0.24,139.62975495189664,-33,0,155,0,0,0
0.2,0.241,139.91282463012448,-33,0,155,0,0,0
0.2,0.242,140.19589430835234,-33,0,155,0,0,0
0.2,0.243,140.47896398658014,-33,0,155,0,0,0
0.2,0.244,140.76203366480794,-33,0,155,0,0,0
0.2,0.245,141.0451033430358,-33,0,155,0,0,0
0.2,0.246,141.32817302126367,-33,0,155,0,0,0
0.2,0.247,141.61124269949147,-33,0,155,0,0,0
0.2,0.248,141.8943123777193,-33,0,155,0,0,0
0.2,0.249,142.17738205594713,-33,0,155,0,0,0
0.2,0.25,142.46045173417497,-33,0,155,0,0,0
0.2,0.251,142.7435214124028,-33,0,155,0,0,0
0.2,0.252,143.02659109063063,-33,0,155,0,0,0
0.2,0.253,143.30966076885846,-33,0,155,0,0,0
0.2,0.254,143.5927304470863,-33,0,155,0,0,0
0.2,0.255,143.87580012531416,-33,0,155,0,0,0
0.2,0.256,144.15886980354196,-33,0,155,0,0,0
0.2,0.257,144.4419394817698,-33,0,155,0,0,0
0.2,0.258,144.72500915999763,-33,0,155,0,0,0
0.2,0.259,145.0080788382255,-33,0,155,0,0,0
0.2,0.26,145.2911485164533,-33,0,155,0,0,0
0.2,0.261,145.57421819468112,-33,0,155,0,0,0
0.2,0.262,145.85728787290898,-33,0,155,0,0,0
0.2,0.263,146.1403575511368,-33,0,155,0,0,0
0.2,0.264,146.42342722936465,-33,0,155,0,0,0
0.2,0.265,146.70649690759245,-33,0,155,0,0,0
0.2,0.266,146.9895665858203,-33,0,155,0,0,0
0.2,0.267,147.27263626404815,-33,0,155,0,0,0
0.2,0.268,147.555705942276,-33,0,155,0,0,0
0.2,0.269,147.8387756205038,-33,0.007813393043679354,155,0,0,0
0.2,0.27,148.1218452987316,-33,0.018242131367668786,155,0,0,0
0.2,0.271,148.40491497695947,-33,0.028614143320636512,155,0,0,0
0.2,0.272,148.6879846551873,-33,0.0389304505838563,155,0,0,0
0.2,0.273,148.97105433341514,-33,0.049192057262139176,155,0,0,0
0.2,0.274,149.25412401164297,-33,0.05939995032587488,155,0,0,0
0.2,0.275,149.5371936898708,-33,0.06955510004079915,155,0,0,0
0.2,0.276,149.82026336809864,-33,0.07965846038586473,155,0,0,0
0.2,0.277,150.10333304632647,-33,0.08971096945964747,155,0,0,0
0.2,0.278,150.3864027245543,-33,0.09971354987563559,155,0,0,0
0.2,0.279,150.66947240278213,-33,0.10966710914680267,155,0,0,0
0.2,0.28,150.95254208100997,-33,0.11957254005979066,155,0,0,0
0.2,0.281,151.23561175923783,-33,0.12943072103906067,155,0,0,0
0.2,0.282,151.51868143746563,-33,0.1392425165013362,155,0,0,0
0.2,0.283,151.80175111569346,-33,0.14900877720066272,155,0,0,0
0.2,0.284,152.0848207939213,-33,0.15873034056436397,155,0,0,0
0.2,0.285,152.36789047214913,-33,0.16840803102022867,155,0,0,0
0.2,0.286,152.65096015037696,-33,0.17804266031517357,155,0,0,0
0.2,0.287,152.9340298286048,-33,0.1876350278256879,155,0,0,0
0.2,0.288,153.21709950683262,-33,0.19718592086029532,155,0,0,0
0.2,0.289,153.50016918506046,-33,0.20669611495431475,155,0,0,0
0.2,0.29,153.7832388632883,-33,0.21616637415714587,155,0,0,0
0.2,0.291,154.06630854151615,-33,0.2255974513123243,155,0,0,0
0.2,0.292,154.34937821974395,-33,0.23499008833057827,155,0,0,0
0.2,0.293,154.6324478979718,-33,0.24434501645610732,155,0,0,0
0.2,0.294,154.91551757619962,-33,0.25366295652628956,154.71842890544568,0,0,0
0.2,0.295,155.19858725442745,-33,0.2629446192250285,154.0049484405232,0,0,0
0.2,0.296,155.4816569326553,-33,0.2721907053299483,153.2942027447388,0,0,0
0.2,0.297,155.76472661088312,-33,0.2814019059536084,152.58613869234054,0,0,0
0.2,0.298,156.04779628911095,-33,0.29057890277894743,151.8807038824304,0,0,0
0.2,0.299,156.33086596733878,-33,0.29972236828911986,151.1778466212969,0,0,0
0.2,0.3,156.61393564556664,-33,0.308832965991903,150.47751590516495,0,0,0
0.2,0.301,156.89700532379447,-33,0.31791135063884984,149.77966140334937,0,0,0
0.2,0.302,157.18007500202228,-33,0.3269581684393427,149.08423344180088,0,0,0
0.2,0.303,157.46314468025014,-33,0.335974057269707,148.39118298703144,0,0,0
0.2,0.304,157.74621435847797,-33,0.3449596468775357,147.7004616304078,0,0,0
0.2,0.305,158.0292840367058,-33,0.3539155590813789,147.01202157280142,0,0,0
0.2,0.306,158.31235371493364,-33,0.3628424079659348,146.3258156095842,0,0,0
0.2,0.307,158.59542339316144,-33,0.3717408000728795,145.64179711595935,0,0,0
0.2,0.308,158.8784930713893,-33,0.38061133458747437,144.95992003261696,0,0,0
0.2,0.309,159.16156274961713,-33,0.38945460352107436,144.28013885170458,0,0,0
0.2,0.31,159.44463242784497,-33,0.3982711918896702,143.60240860310262,0,0,0
0.2,0.311,159.7277021060728,-33,0.40706167788858205,142.92668484099585,0,0,0
0.2,0.312,160.01077178430063,-33,0.4158266330634194,142.25292363073152,0,0,0
0.2,0.313,160.29384146252846,-33,0.4245666224774245,141.5810815359559,0,0,0
0.2,0.314,160.5769111407563,-33,0.4332822048753132,140.91111560601954,0.00003367254331054781,0,0
0.2,0.315,160.85998081898413,-33,0.4419739328437176,140.24298336364458,0.00031019233302576055,0,0
0.2,0.316,161.14305049721196,-33,0.4506423529683313,139.57664279284435,0.000857115320675339,0,0
0.2,0.317,161.42612017543982,-33,0.45928800598786235,138.9120523270896,0.0016642831897908383,0,0
0.2,0.318,161.70918985366762,-33,0.46791142694489324,138.2491708377116,0.002721669813407379,0,0
0.2,0.319,161.99225953189546,-33,0.47651314533374234,137.58795762253604,0.004019381193043348,0,0
0.2,0.32,162.2753292101233,-33,0.4850936852454127,136.92837239474102,0.005547655319925404,0,0
0.2,0.321,162.55839888835112,-33,0.4936535655097295,136.2703752719308,0.0072968619648721145,0.0001548470941514779,0
0.2,0.322,162.84146856657898,-33,0.5021932998347407,135.61392676542005,0.009257502402933104,0.002061455770988596,0
0.2,0.323,163.12453824480679,-33,0.5107133969434778,134.95898776972135,0.011420209078581545,0.002752213680676352,0
0.2,0.324,163.40760792303462,-33,0.5192143607081523,134.30551955222913,0.013775745216988433,0.0015165207417298099,0
0.2,0.325,163.69067760126248,-33,0.5276966902818664,133.6534837430953,0.01631500438662936,0.0005450309000867293,0
0.2,0.326,163.97374727949034,-33,0.5361608802279181,133.00284232528972,0.019029010018227765,0.000046660194460645954,0
0.2,0.327,164.25681695771814,-33,0.5446074206467789,132.353557624839,0.02190368553988442,0,0
0.2,0.328,164.53988663594595,-33,0.5530367973008169,131.70559230123953,0.02393347097919052,0,0
0.2,0.329,164.82295631417378,-33,0.5614494917368298,131.05890933803806,0.024360457252130097,0,0
0.2,0.33,165.10602599240164,-33,0.5698459814064686,130.41347203357483,0.02413773734525515,0,0
0.2,0.331,165.3890956706295,-33,0.5782267397846095,129.76924399188454,0.024038023859489055,0,0
0.2,0.332,165.67216534885728,-33,0.5865922364857489,129.1261891137486,0.02428774382905141,0,0
0.2,0.333,165.9552350270851,-33,0.594942937378484,128.48427158789553,0.026539164987496644,0,0
0.2,0.334,166.23830470531297,-33,0.6032793046981345,127.84345588234345,0.031147893262328363,0,0
0.2,0.335,166.52137438354083,-33,0.6116017971575732,127.20370673588066,0.0372151521958175,0,0
0.2,0.336,166.8044440617686,-33,0.6199108700563276,126.56498914967884,0.04341675748857998,0,0
0.2,0.337,167.08751373999644,-33,0.6282069753880073,125.92726837903537,0.04973492806476543,0,0
0.2,0.338,167.3705834182243,-33,0.6364905619461098,125.29050992523983,0.056161878685509814,0,0
0.2,0.339,167.65365309645216,-33,0.6447620754282662,124.65467952756086,0.06268988083443272,0,0
0.2,0.34,167.93672277467996,-33,0.653021958538981,124.0197431553483,0.06893419079827812,0,0
0.2,0.341,168.21979245290777,-33,0.6612706510909185,123.38566700024751,0.07451059081866207,0,0
0.2,0.342,168.5028621311356,-33,0.6695085901047806,122.75241746852173,0.07938249928422669,0,0
0.2,0.343,168.78593180936346,-33,0.6777362099078387,122.11996117347785,0.08382221923433741,0.005320598641592511,0
0.2,0.344,169.0690014875913,-33,0.6859539422311564,121.48826492799311,0.08829111194139605,0.016999282129514404,0
0.2,0.345,169.35207116581913,-33,0.6941622163055668,120.85729573713714,0.09278805071803764,0.026764546165670478,0
0.2,0.346,169.63514084404693,-33,0.7023614589564328,120.22702079088782,0.09730652350941171,0.034665339513559434,0
0.2,0.347,169.91821052227476,-33,0.7105520946972543,119.59740745693571,0.10184013468597386,0.0407430750593154,0
0.2,0.348,170.20128020050262,-33,0.71873454582216,118.96842327357423,0.10638260448859849,0.04503102334944575,0
0.2,0.349,170.48434987873046,-33,0.7269092324973208,118.34003594267267,0.11092776849822417,0.04755469604103868,0
0.2,0.35,170.7674195569583,-33,0.7350765728513503,117.71221332272714,0.11546957713170469,0.048332143726668164,0
0.2,0.351,170.8035824591735,-32.9948254779456,0.7361194643247616,117.63204636154094,0.11604925900732765,0.048779198231522436,0
0.2,0.352,170.83974536138874,-32.989680946055756,0.7371622435611476,117.55188802800342,0.11662877686019235,0.049209094675359166,0
0.2,0.353,170.87590826360395,-32.984566364196084,0.7382049114255278,117.47173825562065,0.11720811847972445,0.049622427904831845,0
0.2,0.354,170.91207116581913,-32.97948169251072,0.7392474687824333,117.39159697793616,0.11778727168566272,0.050019782788065736,0
0.2,0.355,170.94823406803434,-32.97442689142119,0.7402899164959076,117.31146412853107,0.118366224328043,0.050401734312395474,0
0.2,0.356,170.98439697024952,-32.969401921625234,0.741332255429511,117.23133964102354,0.11894496428718426,0.05076884768009782,0
0.2,0.357,171.02055987246476,-32.964406744095754,0.7423744864463252,117.1512234490686,0.11952347947367725,0.051121678402226145,0
0.2,0.358,171.05672277467997,-32.95944132007963,0.743416610408953,117.07111548635804,0.12010175782836496,0.05146077239050495,0
0.2,0.359,171.09288567689518,-32.9545056110966,0.7444586281795221,116.9910156866202,0.12067978732233176,0.05178666604738735,0
0.2,0.36,171.1290485791104,-32.949599578938255,0.7455005406196902,116.91092398361954,0.12125755595689358,0.05209988635421525,0
0.2,0.361,171.1652114813256,-32.94472318566678,0.7465423485906456,116.83084031115663,0.12183505176357756,0.05240095095757691,0
0.2,0.362,171.20137438354078,-32.93987639361407,0.7475840529531111,116.75076460306775,0.12241226280411399,0.052690368253826225,0
0.2,0.363,171.237537285756,-32.93505916538048,0.7486256545673472,116.67069679322478,0.12298917717041791,0.05296863747185454,0
0.2,0.364,171.2737001879712,-32.9302714638339,0.7496671542931546,116.59063681553492,0.1235657829845822,0.0532362487540603,0
0.2,0.365,171.30986309018644,-32.92551325210858,0.7507085529898774,116.565051,0.12375000127487046,0.053307458085526394,0
0.2,0.366,171.34602599240162,-32.920784493604216,0.7517498515164046,116.565051,0.12375000127487046,0.05323065312185049,0
0.2,0.367,171.38218889461683,-32.91608515198478,0.7527910507311777,116.565051,0.12375000127486979,0.05308485994484102,0
0.2,0.368,171.41835179683204,-32.91141519117764,0.7538321514921869,116.565051,0.1237500012748709,0.05287137709857448,0
0.2,0.369,171.45451469904725,-32.90677457537239,0.754873154656979,116.565051,0.12375000127487112,0.05259149290460119,0
0.2,0.37,171.49067760126243,-32.90216326901997,0.7559140610826588,116.565051,0.12375000127487157,0.05224648551404942,0
0.2,0.371,171.5268405034777,-32.89758123683161,0.756954871625891,116.565051,0.12375000127487046,0.05183762295922012,0
0.2,0.372,171.5630034056929,-32.89302844377783,0.7579955871429055,116.565051,0.12375000127487157,0.051366163204719095,0
0.2,0.373,171.5991663079081,-32.888504855087504,0.7590362084894979,116.565051,0.12375000127487046,0.05083335419810253,0
0.2,0.374,171.6353292101233,-32.88401043624686,0.760076736521034,116.565051,0.12375000127487024,0.050240433920030636,0
0.2,0.375,171.6714921123385,-32.87954515299852,0.7611171720924523,116.565051,0.12375000127487157,0.04958863043397921,0
0.2,0.376,171.70765501455372,-32.875108971340524,0.7621575160582652,116.565051,0.12375000127487135,0.04887916193544961,0
0.2,0.377,171.74381791676893,-32.87070185752546,0.7631977692725669,116.565051,0.1237500012748709,0.0481132368007382,0
0.2,0.378,171.77998081898414,-32.86632377805943,0.7642379325890293,116.565051,0.12375000127487068,0.047292053635226816,0
0.2,0.379,171.81614372119935,-32.8619746997012,0.7652780068609104,116.565051,0.12375000127487046,0.046416801321231826,0
0.2,0.38,171.85230662341456,-32.857654589461255,0.7663179929410548,116.565051,0.12375000127486979,0.0454886590653798,0
0.2,0.381,171.88846952562974,-32.853363414600864,0.7673578916818969,116.565051,0.1237500012748709,0.04450879644554662,0
0.2,0.382,171.92463242784495,-32.84910114263119,0.7683977039354645,116.565051,0.12375000127487068,0.04347837345733718,0
0.2,0.383,171.96079533006017,-32.84486774131245,0.7694374305533805,116.565051,0.12375000127487068,0.0423985405601397,0
0.2,0.384,171.9969582322754,-32.840663178652946,0.7704770723868672,116.565051,0.12375000127486979,0.0412704387227143,0
0.2,0.385,172.0331211344906,-32.8364874229082,0.7715166302867474,116.565051,0.12375000127487112,0.040095199468347165,0
0.2,0.386,172.0692840367058,-32.83234044258018,0.7725561051034485,116.565051,0.12374996356089918,0.03887394491961271,0
0.2,0.387,172.105446938921,-32.8282222064163,0.773595497687007,116.565051,0.12372289094304145,0.03760778784262864,0
0.2,0.388,172.14160984113622,-32.82413268340868,0.774634808887067,116.565051,0.12364627994012256,0.036297831690955684,0
0.2,0.389,172.1777727433514,-32.820071842793226,0.775674039552887,116.565051,0.12352117318029077,0.03494517064903313,0
0.2,0.39,172.21393564556666,-32.81603965404882,0.7767131905333406,116.565051,0.12334860450497143,0.033550889675185935,0
0.2,0.391,172.25009854778185,-32.81203608689651,0.7777522626769211,116.565051,0.12312959900936793,0.03211606454425464,0
0.2,0.392,172.28626144999706,-32.808061111298684,0.7787912568317421,116.565051,0.12286517308255362,0.030641761889771635,0
0.2,0.393,172.32242435221227,-32.804114697458154,0.7798301738455428,116.565051,0.12255633444717118,0.029129039245716415,0
0.2,0.394,172.35858725442748,-32.80019681581757,0.7808690145656892,116.565051,0.12220408219877266,0.0275789450879369,0
0.2,0.395,172.3947501566427,-32.79630743705837,0.7819077798391773,116.565051,0.12180940684470931,0.025992518875039394,0
0.2,0.396,172.4309130588579,-32.79244653210017,0.7829464705126354,116.565051,0.12137329034272115,0.024370791089004085,0
0.2,0.397,172.4670759610731,-32.78861407209992,0.7839850874323302,116.565051,0.12089670613906867,0.02271478327530363,0
0.2,0.398,172.50323886328832,-32.78481002845106,0.7850236314441642,116.565051,0.12038061920633414,0.021025508082669342,0
0.2,0.399,172.53940176550353,-32.78103437278291,0.7860621033936828,116.565051,0.11982916837428625,0.019303969302472357,0
0.2,0.4,172.5755646677187,-32.77728707695974,0.7871005041260754,116.565051,0.11927401343752075,0.01755116190766337,0
0.2,0.401,172.61172756993392,-32.7735681130801,0.7881388344861786,116.565051,0.11872305582572285,0.015768072091363994,0
0.2,0.402,172.64789047214913,-32.76987745347615,0.7891770953184788,116.565051,0.11817629143995045,0.013955677305099501,0
0.2,0.403,172.68405337436434,-32.76621507071268,0.7902152874671153,116.565051,0.11763371621573482,0.012114946296516216,0
0.2,0.404,172.72021627657958,-32.76258093758669,0.7912534117758837,116.565051,0.11709532612299567,0.01024683914691793,0
0.2,0.405,172.7563791787948,-32.758975027126404,0.7922914690882369,116.565051,0.11656111716591555,0.00835416491974339,0
0.2,0.406,172.79254208100997,-32.7553973125907,0.7933294602472892,116.565051,0.11603108538284745,0.006589245450801862,0
0.2,0.407,172.82870498322518,-32.75184776746838,0.7943673860958207,116.565051,0.11550522684620868,0.005044939350539401,0
0.2,0.408,172.86486788544036,-32.74832636547736,0.7954052474762767,116.565051,0.11498353766235381,0.0037163353501963314,0
0.2,0.409,172.90103078765563,-32.744833080564135,0.7964430452307728,116.565051,0.11446601397150724,0.002598567152579001,0
0.2,0.41,172.9371936898708,-32.74136788690297,0.7974807802010964,116.565051,0.11395265194762771,0.0016868132463248031,0
0.2,0.411,172.97335659208602,-32.73793075889529,0.798518453228711,116.565051,0.11344344779834215,0.0009762967221682572,0
0.2,0.412,173.00951949430123,-32.73452167116893,0.799556065154758,116.565051,0.11293839776480796,0.0004622850910633858,0
0.2,0.413,173.04568239651644,-32.73114059857755,0.8005936168200599,116.565051,0.11243749812164117,0.00014009010424054225,0
0.2,0.414,173.08184529873165,-32.72778751619987,0.8016311090651225,116.565051,0.11194074517680042,0.000005067575104433786,0
0.2,0.415,173.11800820094686,-32.72446239933917,0.8026685427301377,116.565051,0.1114481352715111,0,0
0.2,0.416,173.15417110316207,-32.72116522352243,0.8037059186549889,116.565051,0.11095966478014274,0,0
0.2,0.417,173.19033400537728,-32.717895964499895,0.8047432376792488,116.565051,0.11047533011013844,0,0
0.2,0.418,173.22649690759246,-32.71465459824433,0.8057805006421866,116.565051,0.109995127701906,0,0
0.2,0.419,173.26265980980767,-32.71144110095038,0.8068177083827688,116.565051,0.10951905402872786,0,0
0.2,0.42,173.29882271202288,-32.70825544903399,0.8078548617396618,116.565051,0.10904710559666819,0,0
0.2,0.421,173.3349856142381,-32.705097619131806,0.808891961551236,116.565051,0.1085792789444957,0,0
0.2,0.422,173.3711485164533,-32.70196758810049,0.8099290086555669,116.565051,0.1081155706435597,0,0
0.2,0.423,173.40731141866854,-32.698865333016194,0.8109660038904403,116.565051,0.10765597729773724,0,0
0.2,0.424,173.44347432088375,-32.695790831173916,0.8120029480933516,116.565051,0.10720049554332656,0,0
0.2,0.425,173.47963722309896,-32.692744060086966,0.8130398421015118,116.565051,0.10674912204896225,0,0
0.2,0.426,173.51580012531414,-32.68972499748628,0.8140766867518475,116.565051,0.10630185351552646,0,0
0.2,0.427,173.55196302752933,-32.68673362131997,0.815113482881008,116.565051,0.10585868667607334,0,0
0.2,0.428,173.58812592974454,-32.683769909752655,0.8161502313253624,116.565051,0.10541961829573143,0,0
0.2,0.429,173.62428883195977,-32.68083384116493,0.8171869329210063,116.565051,0.10498464517162454,0,0
0.2,0.43,173.66045173417498,-32.67792539415281,0.8182235885037629,116.565051,0.1045537641327896,0,0
0.2,0.431,173.6966146363902,-32.67504454752718,0.8192601989091871,116.565051,0.10412697204010479,0,0
0.2,0.432,173.7327775386054,-32.672191280313264,0.8202967649725664,116.565051,0.1037042657861913,0,0
0.2,0.433,173.76894044082061,-32.669365571750006,0.8213332875289251,116.565051,0.10328564229533921,0,0
0.2,0.434,173.80510334303582,-32.66656740128966,0.8223697674130266,116.565051,0.10287109852343645,0,0
0.2,0.435,173.84126624525103,-32.66379674859717,0.8234062054593767,116.565051,0.10246063145788264,0,0
0.2,0.436,173.87742914746624,-32.66105359354967,0.8244426025022238,116.565051,0.10205423811751047,0,0
0.2,0.437,173.91359204968143,-32.658337916235965,0.8254789593755671,116.565051,0.10165191555251907,0,0
0.2,0.438,173.94975495189664,-32.65564969695605,0.8265152769131526,116.565051,0.1012536608443817,0,0
0.2,0.439,173.98591785411185,-32.652988916220586,0.827551555948481,116.565051,0.10085947110579552,0,0
0.2,0.44,174.02208075632706,-32.650355554750355,0.8285877973148071,116.565051,0.10046934348057679,0,0
0.2,0.441,174.05824365854227,-32.647749593475865,0.8296240018451455,116.565051,0.1000832751436127,0,0
0.2,0.442,174.0944065607575,-32.645171013536796,0.8306601703722707,116.565051,0.09970126330078943,0,0
0.2,0.443,174.13056946297272,-32.64261979628153,0.8316963037287214,116.565051,0.09932330518889865,0,0
0.2,0.444,174.16673236518793,-32.640095923266664,0.8327324027468027,116.565051,0.09894939807558223,0,0
0.2,0.445,174.20289526740314,-32.637599376256574,0.8337684682585885,116.565051,0.09857953925927276,0,0
0.2,0.446,174.2390581696183,-32.63513013722294,0.8348045010959249,116.565051,0.09821372606910495,0,0
0.2,0.447,174.2752210718335,-32.63268818834425,0.8358405020904334,116.565051,0.09785195586485518,0,0
0.2,0.448,174.31138397404874,-32.630273512005445,0.836876472073512,116.565051,0.0974942260368854,0,0
0.2,0.449,174.34754687626395,-32.62788609079731,0.8379124118763382,116.565051,0.09715353782769753,0,0
0.2,0.45,174.38370977847916,-32.62552590751624,0.838948322329874,116.565051,0.0968491290571789,0,0
0.2,0.451,174.41987268069437,-32.6231929451636,0.8399842042648649,116.565051,0.09658009312521809,0,0
0.2,0.452,174.45603558290958,-32.62088718694547,0.841020058511846,116.565051,0.09634531961006543,0,0
0.2,0.453,174.4921984851248,-32.61860861627208,0.8420558859011428,116.565051,0.09614371193525617,0,0
0.2,0.454,174.52836138734,-32.61635721675747,0.8430916872628742,116.565051,0.0959741873296176,0,0
0.2,0.455,174.5645242895552,-32.61413297221909,0.8441274634269561,116.565051,0.09583567678781879,0,0
0.2,0.456,174.6006871917704,-32.61193586667733,0.8451632152231021,116.565051,0.09572712503145153,0,0
0.2,0.457,174.6368500939856,-32.609765884355134,0.8461989434808299,116.565051,0.09564749047060861,0,0
0.2,0.458,174.6730129962008,-32.60762300967766,0.8472346490294593,116.565051,0.09559574516604075,0,0
0.2,0.459,174.70917589841602,-32.60550722727185,0.8482703326981182,116.565051,0.09557087479178783,0,0
0.2,0.46,174.74533880063123,-32.60341852196599,0.8493059953157446,116.565051,0.09557187859835903,0,0
0.2,0.461,174.78150170284647,-32.601356878789424,0.8503416377110885,116.565051,0.09559776937642539,0,0
0.2,0.462,174.81766460506168,-32.599322282972125,0.8513772607127146,116.565051,0.09564757342102137,0,0
0.2,0.463,174.8538275072769,-32.59731471994433,0.852412865149007,116.565051,0.09572033049627526,0,0
0.2,0.464,174.8899904094921,-32.5953341753362,0.8534484518481693,116.565051,0.09581509380063125,0,0
0.2,0.465,174.9261533117073,-32.59338063497739,0.8544840216382281,116.565051,0.095930929932595,0,0
0.2,0.466,174.96231621392246,-32.59145408489682,0.8555195753470368,116.565051,0.0960669188569856,0,0
0.2,0.467,174.9984791161377,-32.58955451132219,0.8565551138022776,116.565051,0.09622215387169275,0,0
0.2,0.468,175.0346420183529,-32.58768190067974,0.8575906378314634,116.565051,0.09639574157491881,0,0
0.2,0.469,175.07080492056812,-32.58583623959383,0.8586261482619413,116.565051,0.09658680183295787,0,0
0.2,0.47,175.10696782278333,-32.58401751488669,0.8596616459208951,116.565051,0.09679446774842804,0,0
0.2,0.471,175.14313072499854,-32.58222571357803,0.860697131635348,116.565051,0.09701788562904867,0,0
0.2,0.472,175.17929362721375,-32.58046082288472,0.8617326062321653,116.565051,0.09725621495687675,0,0
0.2,0.473,175.21545652942896,-32.57872283022049,0.8627680705380569,116.565051,0.09750388163438162,0,0
0.2,0.474,175.25161943164417,-32.577011723195646,0.8638035253795804,116.565051,0.09774832549507284,0,0
0.2,0.475,175.2877823338594,-32.5753274896167,0.8648389715831427,116.565051,0.09798893029206712,0,0
0.2,0.476,175.32394523607456,-32.57367011748612,0.8658744099750043,116.565051,0.09822569773929346,0,0
0.2,0.477,175.36010813828977,-32.57203959500197,0.8669098413812815,116.565051,0.09845862952274209,0,0
0.2,0.478,175.39627104050498,-32.57043591055772,0.8679452666279476,116.565051,0.09868772730049158,0,0
0.2,0.479,175.4324339427202,-32.56885905274183,0.868980686540837,116.565051,0.09891299270276255,0,0
0.2,0.48,175.4685968449354,-32.567309010337596,0.8700161019456484,116.565051,0.09913442733193789,0,0
0.2,0.481,175.50475974715064,-32.56578577232277,0.8710515136679449,116.565051,0.09935203276262805,0,0
0.2,0.482,175.54092264936585,-32.564289327869346,0.8720869225331596,116.565051,0.09956581054168812,0,0
0.2,0.483,175.57708555158106,-32.56281966634325,0.8731223293665967,116.565051,0.09977576218827267,0,0
0.2,0.484,175.61324845379627,-32.56137677730414,0.8741577349934351,116.565051,0.09998188919385997,0,0
0.2,0.485,175.64941135601143,-32.55996065050509,0.8751931402387284,116.565051,0.10018419302229531,0,0
0.2,0.486,175.68557425822667,-32.55857127589233,0.876228545927413,116.565051,0.10038267510983356,0,0
0.2,0.487,175.72173716044188,-32.55720864360506,0.8772639528843043,116.565051,0.10057733686515657,0,0
0.2,0.488,175.7579000626571,-32.55587274397518,0.8782993619341039,116.565051,0.10076817966942597,0,0
0.2,0.489,175.7940629648723,-32.554563567527005,0.8793347739014002,116.565051,0.10095520487631027,0,0
0.2,0.49,175.8302258670875,-32.55328110497712,0.8803701896106719,116.565051,0.10113841381200617,0,0
0.2,0.491,175.86638876930272,-32.552025347234036,0.8814056098862907,116.565051,0.1013178077753043,0,0
0.2,0.492,175.90255167151793,-32.55079628539809,0.8824410355525225,116.565051,0.1014933880375819,0,0
0.2,0.493,175.9387145737331,-32.54959391076117,0.8834764674335325,116.565051,0.10166515584285674,0,0
0.2,0.494,175.97487747594838,-32.548418214806446,0.8845119063533856,116.565051,0.10183311240781645,0,0
0.2,0.495,176.01104037816359,-32.54726918920825,0.8855473531360506,116.565051,0.10199725892184408,0,0
0.2,0.496,176.04720328037874,-32.54614682583187,0.8865828086054013,116.565051,0.10215759654704049,0,0
0.2,0.497,176.08336618259395,-32.54505111673322,0.887618273585222,116.565051,0.10231412641827764,0,0
0.2,0.498,176.11952908480916,-32.543982054158846,0.8886537488992063,116.565051,0.10246684964318487,0,0
0.2,0.499,176.15569198702437,-32.54293963054556,0.8896892353709626,116.565051,0.10261576730222655,0,0
0.2,0.5,176.1918548892396,-32.54192383852038,0.8907247338240152,116.565051,0.10276088044868126,0,0
0.2,0.501,176.22801779145482,-32.54093467090022,0.8917602450818077,116.565051,0.10290219010870594,0,0
0.2,0.502,176.26418069367003,-32.539972120691885,0.8927957699677065,116.565051,0.10303969728132567,0,0
0.2,0.503,176.30034359588524,-32.53903618109173,0.8938313093050013,116.565051,0.10317340293849009,0,0
0.2,0.504,176.33650649810042,-32.53812684548559,0.8948668639169087,116.565051,0.10330330802508159,0,0
0.2,0.505,176.37266940031563,-32.537244107448615,0.8959024346265761,116.565051,0.10342941345893508,0,0
0.2,0.506,176.40883230253084,-32.53638796074506,0.8969380222570816,116.565051,0.10355172013087066,0,0
0.2,0.507,176.44499520474605,-32.53555839932819,0.8979736276314411,116.565051,0.10367022890470978,0,0
0.2,0.508,176.48115810696126,-32.5347554173401,0.8990092515726054,116.565051,0.10378494061729615,0,0
0.2,0.509,176.51732100917647,-32.53397900911158,0.9000448949034668,116.565051,0.1038958560785117,0,0
0.2,0.51,176.55348391139168,-32.533229169162,0.9010805584468599,116.565051,0.10400297607130815,0,0
0.2,0.511,176.5896468136069,-32.53250589219909,0.9021162430255657,116.565051,0.10410630135172338,0,0
0.2,0.512,176.62580971582207,-32.53180917311894,0.9031519494623124,116.565051,0.10420583264888927,0,0
0.2,0.513,176.66197261803734,-32.531139007005805,0.9041876785797796,116.565051,0.10430157066505075,0,0
0.2,0.514,176.69813552025252,-32.53049538913193,0.9052234312006004,116.565051,0.10439351607560554,0,0
0.2,0.515,176.73429842246773,-32.52987831495755,0.9062592081473633,116.565051,0.10448166952908844,0,0
0.2,0.516,176.7704613246829,-32.52928778013069,0.9072950102426155,116.565051,0.10456603164720946,0,0
0.2,0.517,176.80662422689812,-32.52872378048715,0.9083308383088674,116.565051,0.1046466030248594,0,0
0.2,0.518,176.84278712911333,-32.52818631205026,0.9093666931685912,116.565051,0.10472338423012784,0,0
0.2,0.519,176.87895003132857,-32.52767537103093,0.9104025756442264,116.565051,0.10479637580431822,0,0
0.2,0.52,176.91511293354378,-32.52719095382748,0.9114384865581814,116.565051,0.10486557826195275,0,0
0.2,0.521,176.951275835759,-32.52673305702556,0.9124744267328371,116.565051,0.10493099209080059,0,0
0.2,0.522,176.9874387379742,-32.52630167739811,0.9135103969905486,116.565051,0.1049926177518643,0,0
0.2,0.523,177.02360164018938,-32.52589681190519,0.9145463981536472,116.565051,0.10505045567942362,0,0
0.2,0.524,177.0597645424046,-32.52551845769399,0.9155824310444459,116.565051,0.10510450628102319,0,0
0.2,0.525,177.0959274446198,-32.52516661209876,0.9166184964852379,116.565051,0.10515476993748529,0,0
0.2,0.526,177.132090346835,-32.524841272640685,0.9176545952983018,116.565051,0.10520124700292266,0,0
0.2,0.527,177.16825324905022,-32.524542437027876,0.9186907283059059,116.565051,0.10524393780475583,0,0
0.2,0.528,177.20441615126543,-32.524270103155274,0.9197268963303068,116.565051,0.10528284264369869,0,0
0.2,0.529,177.24057905348064,-32.52402426910464,0.9207631001937534,116.565051,0.1053179617937885,0,0
0.2,0.53,177.27674195569585,-32.52380493314451,0.9217993407184913,116.565051,0.10534929550237893,0,0
0.2,0.531,177.31290485791104,-32.523612093730065,0.922835618726764,116.565051,0.10537684399015523,0,0
0.2,0.532,177.34906776012625,-32.523445749503246,0.9238719350408156,116.565051,0.10540060745112934,0,0
0.2,0.533,177.38523066234148,-32.52330589929258,0.9249082904828931,116.565051,0.10542058605265359,0,0
0.2,0.534,177.4213935645567,-32.52319254211323,0.9259446858752497,116.565051,0.105436779935419,0,0
0.2,0.535,177.4575564667719,-32.52310567716691,0.9269811220401478,116.565051,0.10544918921346436,0,0
0.2,0.536,177.4937193689871,-32.52304530384198,0.9280175997998592,116.565051,0.10545781397416865,0,0
0.2,0.537,177.5298822712023,-32.52301142171328,0.9290541199766723,116.565051,0.10546265427826862,0,0
0.2,0.538,177.56604517341754,-32.52300403054224,0.9300906833928901,116.565051,0.1054637101598459,0,0
0.2,0.539,177.60220807563275,-32.5230231302768,0.9311272908708345,116.565051,0.10546098162633655,0,0
0.2,0.54,177.63837097784796,-32.523068721051466,0.9321639432328497,116.565051,0.10545446865852792,0,0
0.2,0.541,177.67453388006314,-32.52314080318727,0.9332006413013041,116.565051,0.1054441712105556,0,0
0.2,0.542,177.71069678227835,-32.52323937719177,0.934237385898593,116.565051,0.10543008920991292,0,0
0.2,0.543,177.74685968449356,-32.523364443759164,0.9352741778471407,116.565051,0.10541222255742944,0,0
0.2,0.544,177.78302258670877,-32.52351600377012,0.9363110179694046,116.565051,0.10539057112729133,0,0
0.2,0.545,177.81918548892398,-32.52369405829199,0.9373479070878762,116.565051,0.10536513476702503,0,0
0.2,0.546,177.8553483911392,-32.52389860857871,0.9383848460250839,116.565051,0.10533591329749248,0,0
0.2,0.547,177.8915112933544,-32.524129656070876,0.9394218356035983,116.565051,0.10530290651289853,0,0
0.2,0.548,177.9276741955696,-32.52438720239579,0.9404588766460301,116.565051,0.10526611418076781,0,0
0.2,0.549,177.96383709778482,-32.524671249367486,0.9414959699750365,116.565051,0.10522553604195384,0,0
0.2,0.55,178,-32.71351756110115,0.942533116413322,116.565051,0.10982667775476695,0,0
0.2,0.551,178.01333333333335,-32.71351756110115,0.9429155279141338,116.565051,0.10982667775476695,0,0
0.2,0.552,178.0266666666667,-32.71351756110115,0.9432979467877678,116.565051,0.10982667775476695,0,0
0.2,0.553,178.04000000000002,-32.71351756110115,0.9436803730754637,116.565051,0.10982667775476695,0,0
0.2,0.554,178.05333333333337,-32.71351756110115,0.9440628068184634,116.565051,0.10982667775476695,0,0
0.2,0.555,178.0666666666667,-32.71351756110115,0.9444452480580111,116.565051,0.10982667775476695,0,0
0.2,0.556,178.08,-32.71351756110115,0.9448276968353491,116.565051,0.10982667775476695,0,0
0.2,0.557,178.0933333333334,-32.71351756110115,0.9452101531917233,116.565051,0.10982667775476695,0,0
0.2,0.558,178.1066666666667,-32.71351756110115,0.9455926171683785,116.565051,0.10982667775476695,0,0
0.2,0.559,178.12,-32.71351756110115,0.9459750888065626,116.565051,0.10982667775476695,0,0
0.2,0.56,178.13333333333335,-32.71351756110115,0.9463575681475244,116.565051,0.10982667775476695,0,0
0.2,0.561,178.1466666666667,-32.71351756110115,0.9467400552325123,116.565051,0.10982667775476695,0,0
0.2,0.562,178.16000000000003,-32.71351756110115,0.9471225501027768,116.565051,0.10982667775476695,0,0
0.2,0.563,178.17333333333335,-32.71351756110115,0.9475050527995711,116.565051,0.10982667775476695,0,0
0.2,0.564,178.18666666666667,-32.71351756110115,0.9478875633641459,116.565051,0.10982667775476695,0,0
0.2,0.565,178.20000000000002,-32.71351756110115,0.9482700818377569,116.565051,0.10982667775476695,0,0
0.2,0.566,178.21333333333337,-32.71351756110115,0.9486526082616593,116.565051,0.10982667775476695,0,0
0.2,0.567,178.2266666666667,-32.71351756110115,0.949035142677109,116.565051,0.10982667775476695,0,0
0.2,0.568,178.24000000000004,-32.71351756110115,0.9494176851253641,116.565051,0.10982667775476695,0,0
0.2,0.569,178.25333333333336,-32.71351756110115,0.9498002356476847,116.565051,0.10982667775476695,0,0
0.2,0.57,178.26666666666668,-32.71351756110115,0.9501827942853296,116.565051,0.10982667775476695,0,0
0.2,0.571,178.28000000000003,-32.71351756110115,0.9505653610795624,116.565051,0.10982667775476695,0,0
0.2,0.572,178.29333333333338,-32.71351756110115,0.9509479360716444,116.565051,0.10982667775476695,0,0
0.2,0.573,178.30666666666667,-32.71351756110115,0.9513305193028413,116.565051,0.10982667775476695,0,0
0.2,0.574,178.32000000000002,-32.71351756110115,0.9517131108144189,116.565051,0.10982667775476695,0,0
0.2,0.575,178.33333333333334,-32.71351756110115,0.9520957106476436,116.565051,0.10982667775476695,0,0
0.2,0.576,178.3466666666667,-32.71351756110115,0.9524783188437845,116.565051,0.10982667775476695,0,0
0.2,0.577,178.36,-32.71351756110115,0.9528609354441127,116.565051,0.10982667775476695,0,0
0.2,0.578,178.37333333333333,-32.71351756110115,0.9532435604898976,116.565051,0.10982667775476695,0,0
0.2,0.579,178.38666666666666,-32.71351756110115,0.9536261940224133,116.565051,0.10982667775476695,0,0
0.2,0.58,178.40000000000003,-32.71351756110115,0.9540088360829354,116.565051,0.10982667775476695,0,0
0.2,0.581,178.41333333333336,-32.71351756110115,0.9543914867127379,116.565051,0.10982667775476695,0,0
0.2,0.582,178.42666666666668,-32.71351756110115,0.954774145953099,116.565051,0.10982667775476695,0,0
0.2,0.583,178.44000000000003,-32.71351756110115,0.9551568138452985,116.565051,0.10982667775476695,0,0
0.2,0.584,178.45333333333335,-32.71351756110115,0.9555394904306158,116.565051,0.10982667775476695,0,0
0.2,0.585,178.4666666666667,-32.71351756110115,0.9559221757503342,116.565051,0.10982667775476695,0,0
0.2,0.586,178.48000000000005,-32.71351756110115,0.956304869845736,116.565051,0.10982667775476695,0,0
0.2,0.587,178.49333333333334,-32.71351756110115,0.9566875727581071,116.565051,0.10982667775476695,0,0
0.2,0.588,178.5066666666667,-32.71351756110115,0.9570702845287357,116.565051,0.10982667775476695,0,0
0.2,0.589,178.52,-32.71351756110115,0.9574530051989083,116.565051,0.10982667775476695,0,0
0.2,0.59,178.53333333333336,-32.71351756110115,0.9578357348099162,116.565051,0.10982667775476695,0,0
0.2,0.591,178.54666666666668,-32.71351756110115,0.9582184734030522,116.565051,0.10982667775476695,0,0
0.2,0.592,178.56,-32.71351756110115,0.9586012210196081,116.565051,0.10982667775476695,0,0
0.2,0.593,178.57333333333332,-32.71351756110115,0.9589839777008802,116.565051,0.10982667775476695,0,0
0.2,0.594,178.5866666666667,-32.71351756110115,0.9593667434881661,116.565051,0.10982667775476695,0,0
0.2,0.595,178.60000000000002,-32.71351756110115,0.9597495184227636,116.565051,0.10982667775476695,0,0
0.2,0.596,178.61333333333334,-32.71351756110115,0.9601323025459741,116.565051,0.10982667775476695,0,0
0.2,0.597,178.6266666666667,-32.71351756110115,0.9605150958990991,116.565051,0.10982667775476695,0,0
0.2,0.598,178.64000000000001,-32.71351756110115,0.9608978985234431,116.565051,0.10982667775476695,0,0
0.2,0.599,178.65333333333336,-32.71351756110115,0.9612807104603132,116.565051,0.10982667775476695,0,0
0.2,0.6,178.66666666666666,-32.71351756110115,0.9616635317510153,116.565051,0.10982667775476695,0,0
0.2,0.601,178.67999999999998,-32.71351756110115,0.96204636243686,116.565051,0.10982667775476695,0,0
0.2,0.602,178.69333333333336,-32.71351756110115,0.9624292025591595,116.565051,0.10982667775476695,0,0
0.2,0.603,178.70666666666668,-32.71351756110115,0.962812052159226,116.565051,0.10982667775476695,0,0
0.2,0.604,178.72,-32.71351756110115,0.9631949112783756,116.565051,0.10982667775476695,0,0
0.2,0.605,178.73333333333335,-32.71351756110115,0.9635777799579262,116.565051,0.10982667775476695,0,0
0.2,0.606,178.74666666666667,-32.71351756110115,0.9639606582391953,116.565051,0.10982667775476695,0,0
0.2,0.607,178.76,-32.71351756110115,0.9643435461635055,116.565051,0.10982667775476695,0,0
0.2,0.608,178.77333333333337,-32.71351756110115,0.96472644377218,116.565051,0.10982667775476695,0,0
0.2,0.609,178.7866666666667,-32.71351756110115,0.9651093511065426,116.565051,0.10982667775476695,0,0
0.2,0.61,178.8,-32.71351756110115,0.9654922682079226,116.565051,0.10982667775476695,0,0
0.2,0.611,178.81333333333333,-32.71351756110115,0.965875195117647,116.565051,0.10982667775476695,0,0
0.2,0.612,178.82666666666668,-32.71351756110115,0.966258131877048,116.565051,0.10982667775476695,0,0
0.2,0.613,178.84000000000003,-32.71351756110115,0.96664107852746,116.565051,0.10982667775476695,0,0
0.2,0.614,178.85333333333332,-32.71351756110115,0.9670240351102164,116.565051,0.10982667775476695,0,0
0.2,0.615,178.86666666666665,-32.71351756110115,0.9674070016666563,116.565051,0.10982667775476695,0,0
0.2,0.616,178.88000000000002,-32.71351756110115,0.967789978238119,116.565051,0.10982667775476695,0,0
0.2,0.617,178.89333333333335,-32.71351756110115,0.9681729648659456,116.565051,0.10982667775476695,0,0
0.2,0.618,178.90666666666667,-32.71351756110115,0.9685559615914807,116.565051,0.10982667775476695,0,0
0.2,0.619,178.92000000000002,-32.71351756110115,0.9689389684560712,116.565051,0.10982667775476695,0,0
0.2,0.62,178.93333333333334,-32.71351756110115,0.9693219855010635,116.565051,0.10982667775476695,0,0
0.2,0.621,178.9466666666667,-32.71351756110115,0.9697050127678104,116.565051,0.10982667775476695,0,0
0.2,0.622,178.96000000000004,-32.71351756110115,0.9700880502976623,116.565051,0.10982667775476695,0,0
0.2,0.623,178.97333333333336,-32.71351756110115,0.9704710981319754,116.565051,0.10982667775476695,0,0
0.2,0.624,178.98666666666668,-32.71351756110115,0.9708541563121081,116.565051,0.10982667775476695,0,0
0.2,0.625,179,-32.71351756110115,0.9712372248794182,116.565051,0.10982667775476695,0,0
0.2,0.626,179.01333333333335,-32.71351756110115,0.9716203038752679,116.565051,0.10982667775476695,0,0
0.2,0.627,179.0266666666667,-32.71351756110115,0.9720033933410227,116.565051,0.10982667775476695,0,0
0.2,0.628,179.04,-32.71351756110115,0.9723864933180473,116.565051,0.10982667775476695,0,0
0.2,0.629,179.0533333333333,-32.71351756110115,0.9727696038477116,116.565051,0.10982667775476695,0,0
0.2,0.63,179.0666666666667,-32.71351756110115,0.9731527249713874,116.565051,0.10982667775476695,0,0
0.2,0.631,179.08,-32.71351756110115,0.9735358567304467,116.565051,0.10982667775476695,0,0
0.2,0.632,179.09333333333333,-32.71351756110115,0.9739189991662677,116.565051,0.10982667775476695,0,0
0.2,0.633,179.10666666666665,-32.71351756110115,0.9743021523202269,116.565051,0.10982667775476695,0,0
0.2,0.634,179.12,-32.71351756110115,0.974685316233706,116.565051,0.10982667775476695,0,0
0.2,0.635,179.13333333333335,-32.71351756110115,0.9750684909480893,116.565051,0.10982667775476695,0,0
0.2,0.636,179.14666666666668,-32.71351756110115,0.9754516765047612,116.565051,0.10982667775476695,0,0
0.2,0.637,179.16000000000003,-32.71351756110115,0.9758348729451106,116.565051,0.10982667775476695,0,0
0.2,0.638,179.17333333333335,-32.71351756110115,0.9762180803105297,116.565051,0.10982667775476695,0,0
0.2,0.639,179.18666666666667,-32.71351756110115,0.9766012986424097,116.565051,0.10982667775476695,0,0
0.2,0.64,179.2,-32.71351756110115,0.9769845279821477,116.565051,0.10982667775476695,0,0
0.2,0.641,179.21333333333337,-32.71351756110115,0.977367768371143,116.565051,0.10982667775476695,0,0
0.2,0.642,179.22666666666666,-32.71351756110115,0.9777510198507953,116.565051,0.10982667775476695,0,0
0.2,0.643,179.23999999999998,-32.71351756110115,0.9781342824625093,116.565051,0.10982667775476695,0,0
0.2,0.644,179.25333333333336,-32.71351756110115,0.9785175562476914,116.565051,0.10982667775476695,0,0
0.2,0.645,179.26666666666668,-32.71351756110115,0.9789008412477499,116.565051,0.10982667775476695,0,0
0.2,0.646,179.28,-32.71351756110115,0.9792841375040975,116.565051,0.10982667775476695,0,0
0.2,0.647,179.29333333333332,-32.71351756110115,0.9796674450581474,116.565051,0.10982667775476695,0,0
0.2,0.648,179.30666666666667,-32.71351756110115,0.980050763951317,116.565051,0.10982667775476695,0,0
0.2,0.649,179.32000000000002,-32.71351756110115,0.9804340942250273,116.565051,0.10982667775476695,0,0
0.2,0.65,179.33333333333334,-32.71351756110115,0.9808174359206989,116.565051,0.10982667775476695,0,0
0.2,0.651,179.3466666666667,-32.71351756110115,0.981200789079758,116.565051,0.10982667775476695,0,0
0.2,0.652,179.36,-32.71351756110115,0.9815841537436333,116.565051,0.10982667775476695,0,0
0.2,0.653,179.37333333333333,-32.71351756110115,0.9819675299537541,116.565051,0.10982667775476695,0,0
0.2,0.654,179.38666666666666,-32.71351756110115,0.9823509177515547,116.565051,0.10982667775476695,0,0
0.2,0.655,179.40000000000003,-32.71351756110115,0.9827343171784726,116.565051,0.10982667775476695,0,0
0.2,0.656,179.41333333333333,-32.71351756110115,0.9831177282759452,116.565051,0.10982667775476695,0,0
0.2,0.657,179.42666666666668,-32.71351756110115,0.9835011510854161,116.565051,0.10982667775476695,0,0
0.2,0.658,179.44000000000003,-32.71351756110115,0.9838845856483293,116.565051,0.10982667775476695,0,0
0.2,0.659,179.45333333333335,-32.71351756110115,0.9842680320061327,116.565051,0.10982667775476695,0,0
0.2,0.66,179.46666666666667,-32.71351756110115,0.9846514902002785,116.565051,0.10982667775476695,0,0
0.2,0.661,179.48,-32.71351756110115,0.9850349602722184,116.565051,0.10982667775476695,0,0
0.2,0.662,179.4933333333333,-32.71351756110115,0.9854184422634104,116.565051,0.10982667775476695,0,0
0.2,0.663,179.5066666666667,-32.71351756110115,0.9858019362153144,116.565051,0.10982667775476695,0,0
0.2,0.664,179.52,-32.71351756110115,0.9861854421693921,116.565051,0.10982667775476695,0,0
0.2,0.665,179.53333333333333,-32.71351756110115,0.9865689601671093,116.565051,0.10982667775476695,0,0
0.2,0.666,179.54666666666668,-32.71351756110115,0.9869524902499351,116.565051,0.10982667775476695,0,0
0.2,0.667,179.56,-32.71351756110115,0.9873360324593407,116.565051,0.10982667775476695,0,0
0.2,0.668,179.57333333333332,-32.71351756110115,0.9877195868368012,116.565051,0.10982667775476695,0,0
0.2,0.669,179.5866666666667,-32.71351756110115,0.9881031534237946,116.565051,0.10982667775476695,0,0
0.2,0.67,179.6,-32.71351756110115,0.9884867322618012,116.565051,0.10982667775476695,0,0
0.2,0.671,179.61333333333334,-32.71351756110115,0.9888703233923057,116.565051,0.10982667775476695,0,0
0.2,0.672,179.62666666666667,-32.71351756110115,0.9892539268567943,116.565051,0.10982667775476695,0,0
0.2,0.673,179.64000000000001,-32.71351756110115,0.9896375426967577,116.565051,0.10982667775476695,0,0
0.2,0.674,179.65333333333334,-32.71351756110115,0.99002117095369,116.565051,0.10982667775476695,0,0
0.2,0.675,179.66666666666666,-32.71351756110115,0.9904048116690869,116.565051,0.10982667775476695,0,0
0.2,0.676,179.67999999999998,-32.71351756110115,0.9907884648844484,116.565051,0.10982667775476695,0,0
0.2,0.677,179.69333333333336,-32.71351756110115,0.9911721306412787,116.565051,0.10982667775476695,0,0
0.2,0.678,179.70666666666668,-32.71351756110115,0.991555808981082,116.565051,0.10982667775476695,0,0
0.2,0.679,179.72,-32.71351756110115,0.991939499945369,116.565051,0.10982667775476695,0,0
0.2,0.68,179.73333333333335,-32.71351756110115,0.9923232035756534,116.565051,0.10982667775476695,0,0
0.2,0.681,179.74666666666667,-32.71351756110115,0.9927069199134495,116.565051,0.10982667775476695,0,0
0.2,0.682,179.76000000000002,-32.71351756110115,0.9930906490002782,116.565051,0.10982667775476695,0,0
0.2,0.683,179.77333333333337,-32.71351756110115,0.993474390877661,116.565051,0.10982667775476695,0,0
0.2,0.684,179.78666666666666,-32.71351756110115,0.993858145587124,116.565051,0.10982667775476695,0,0
0.2,0.685,179.8,-32.71351756110115,0.9942419131701977,116.565051,0.10982667775476695,0,0
0.2,0.686,179.81333333333333,-32.71351756110115,0.9946256936684141,116.565051,0.10982667775476695,0,0
0.2,0.687,179.82666666666668,-32.71351756110115,0.9950094871233093,116.565051,0.10982667775476695,0,0
0.2,0.688,179.84,-32.71351756110115,0.9953932935764238,116.565051,0.10982667775476695,0,0
0.2,0.689,179.85333333333332,-32.71351756110115,0.9957771130692994,116.565051,0.10982667775476695,0,0
0.2,0.69,179.86666666666665,-32.71351756110115,0.9961609456434829,116.565051,0.10982667775476695,0,0
0.2,0.691,179.88000000000002,-32.71351756110115,0.9965447913405254,116.565051,0.10982667775476695,0,0
0.2,0.692,179.89333333333335,-32.71351756110115,0.9969286502019788,116.565051,0.10982667775476695,0,0
0.2,0.693,179.90666666666667,-32.71351756110115,0.9973125222694007,116.565051,0.10982667775476695,0,0
0.2,0.694,179.92,-32.71351756110115,0.9976964075843519,116.565051,0.10982667775476695,0,0
0.2,0.695,179.93333333333334,-32.71351756110115,0.9980803061883956,116.565051,0.10982667775476695,0,0
0.2,0.696,179.9466666666667,-32.71351756110115,0.9984642181231005,116.565051,0.10982667775476695,0,0
0.2,0.697,179.95999999999998,-32.71351756110115,0.9988481434300364,116.565051,0.10982667775476695,0,0
0.2,0.698,179.9733333333333,-32.71351756110115,0.9992320821507787,116.565051,0.10982667775476695,0,0
0.2,0.699,179.98666666666668,-32.71351756110115,0.9996160343269064,116.565051,0.10982667775476695,0,0
0.2,0.7,180,-32.71351756110115,0.9999999999999998,116.565051,0.10982667775476695,0,0
0.2,0.701,180,-32.71351756110115,0.9999999999999998,116.565051,0.10982667775476695,0,0
0.2,0.702,180,-32.71351756110115,0.9999999999999998,116.565051,0.10982667775476695,0,0
0.2,0.703,180,-32.71351756110115,0.9999999999999998,116.565051,0.10982667775476695,0,0
0.2,0.704,180,-32.71351756110115,0.9999999999999998,116.565051,0.10982667775476695,0,0
0.2,0.705,180,-32.71351756110115,0.9999999999999998,116.565051,0.10982667775476695,0,0
0.2,0.706,180,-32.71351756110115,0.9999999999999998,116.565051,0.10982667775476695,0,0
0.2,0.707,180,-32.71351756110115,0.9999999999999998,116.565051,0.10982667775476695,0,0
0.2,0.708,180,-32.71351756110115,0.9999999999999998,116.565051,0.10982667775476695,0,0
0.2,0.709,180,-32.71351756110115,0.9999999999999998,116.565051,0.10982667775476695,0,0
0.2,0.71,180,-32.71351756110115,0.9999999999999998,116.565051,0.10982667775476695,0,0
0.2,0.711,180,-32.71351756110115,0.9999999999999998,116.565051,0.10982667775476695,0,0
0.2,0.712,180,-32.71351756110115,0.9999999999999998,116.565051,0.10982667775476695,0,0
0.2,0.713,180,-32.71351756110115,0.9999999999999998,116.565051,0.10982667775476695,0,0
0.2,0.714,180,-32.71351756110115,0.9999999999999998,116.565051,0.10982667775476695,0,0
0.2,0.715,180,-32.71351756110115,0.9999999999999998,116.565051,0.10982667775476695,0,0
0.2,0.716,180,-32.71351756110115,0.9999999999999998,116.565051,0.10982667775476695,0,0
0.2,0.717,180,-32.71351756110115,0.9999999999999998,116.565051,0.10982667775476695,0,0
0.2,0.718,180,-32.71351756110115,0.9999999999999998,116.565051,0.10982667775476695,0,0
0.2,0.719,180,-32.71351756110115,0.9999999999999998,116.565051,0.10982667775476695,0,0
0.2,0.72,180,-32.71351756110115,0.9999999999999998,116.565051,0.10982667775476695,0,0
0.2,0.721,180,-32.71351756110115,0.9999999999999998,116.565051,0.10982667775476695,0,0
0.2,0.722,180,-32.71351756110115,0.9999999999999998,116.565051,0.10982667775476695,0,0
0.2,0.723,180,-32.71351756110115,0.9999999999999998,116.565051,0.10982667775476695,0,0
0.2,0.724,180,-32.71351756110115,0.9999999999999998,116.565051,0.10982667775476695,0,0
0.2,0.725,180,-32.71351756110115,0.9999999999999998,116.565051,0.10982667775476695,0,0
0.2,0.726,180,-32.71351756110115,0.9999999999999998,116.565051,0.10982667775476695,0,0
0.2,0.727,180,-32.71351756110115,0.9999999999999998,116.565051,0.10982667775476695,0,0
0.2,0.728,180,-32.71351756110115,0.9999999999999998,116.565051,0.10982667775476695,0,0
0.2,0.729,180,-32.71351756110115,0.9999999999999998,116.565051,0.10982667775476695,0,0
0.2,0.73,180,-32.71351756110115,0.9999999999999998,116.565051,0.10982667775476695,0,0
0.2,0.731,180,-32.71351756110115,0.9999999999999998,116.565051,0.10982667775476695,0,0
0.2,0.732,180,-32.71351756110115,0.9999999999999998,116.565051,0.10982667775476695,0,0
0.2,0.733,180,-32.71351756110115,0.9999999999999998,116.565051,0.10982667775476695,0,0
0.2,0.734,180,-32.71351756110115,0.9999999999999998,116.565051,0.10982667775476695,0,0
0.2,0.735,180,-32.71351756110115,0.9999999999999998,116.565051,0.10982667775476695,0,0
0.2,0.736,180,-32.71351756110115,0.9999999999999998,116.565051,0.10982667775476695,0,0
0.2,0.737,180,-32.71351756110115,0.9999999999999998,116.565051,0.10982667775476695,0,0
0.2,0.738,180,-32.71351756110115,0.9999999999999998,116.565051,0.10982667775476695,0,0
0.2,0.739,180,-32.71351756110115,0.9999999999999998,116.565051,0.10982667775476695,0,0
0.2,0.74,180,-32.71351756110115,0.9999999999999998,116.565051,0.10982667775476695,0,0
0.2,0.741,180,-32.71351756110115,0.9999999999999998,116.565051,0.10982667775476695,0,0
0.2,0.742,180,-32.71351756110115,0.9999999999999998,116.565051,0.10982667775476695,0,0
0.2,0.743,180,-32.71351756110115,0.9999999999999998,116.565051,0.10982667775476695,0,0
0.2,0.744,180,-32.71351756110115,0.9999999999999998,116.565051,0.10982667775476695,0,0
0.2,0.745,180,-32.71351756110115,0.9999999999999998,116.565051,0.10982667775476695,0,0
0.2,0.746,180,-32.71351756110115,0.9999999999999998,116.565051,0.10982667775476695,0,0
0.2,0.747,180,-32.71351756110115,0.9999999999999998,116.565051,0.10982667775476695,0,0
0.2,0.748,180,-32.71351756110115,0.9999999999999998,116.565051,0.10982667775476695,0,0
0.2,0.749,180,-32.71351756110115,0.9999999999999998,116.565051,0.10982667775476695,0,0
0.2,0.75,180,-32.71351756110115,0.9999999999999998,116.565051,0.10982667775476695,0,0
0.2,0.751,180,-32.71351756110115,0.9999999999999998,116.565051,0.10982667775476695,0,0
0.2,0.752,180,-32.71351756110115,0.9999999999999998,116.565051,0.10982667775476695,0,0
0.2,0.753,180,-32.71351756110115,0.9999999999999998,116.565051,0.10982667775476695,0,0
0.2,0.754,180,-32.71351756110115,0.9999999999999998,116.565051,0.10982667775476695,0,0
0.2,0.755,180,-32.71351756110115,0.9999999999999998,116.565051,0.10982667775476695,0,0
0.2,0.756,180,-32.71351756110115,0.9999999999999998,116.565051,0.10982667775476695,0,0
0.2,0.757,180,-32.71351756110115,0.9999999999999998,116.565051,0.10982667775476695,0,0
0.2,0.758,180,-32.71351756110115,0.9999999999999998,116.565051,0.10982667775476695,0,0
0.2,0.759,180,-32.71351756110115,0.9999999999999998,116.565051,0.10982667775476695,0,0
0.2,0.76,180,-32.71351756110115,0.9999999999999998,116.565051,0.10982667775476695,0,0
0.2,0.761,180,-32.71351756110115,0.9999999999999998,116.565051,0.10982667775476695,0,0
0.2,0.762,180,-32.71351756110115,0.9999999999999998,116.565051,0.10982667775476695,0,0
0.2,0.763,180,-32.71351756110115,0.9999999999999998,116.565051,0.10982667775476695,0,0
0.2,0.764,180,-32.71351756110115,0.9999999999999998,116.565051,0.10982667775476695,0,0
0.2,0.765,180,-32.71351756110115,0.9999999999999998,116.565051,0.10982667775476695,0,0
0.2,0.766,180,-32.71351756110115,0.9999999999999998,116.565051,0.10982667775476695,0,0
0.2,0.767,180,-32.71351756110115,0.9999999999999998,116.565051,0.10982667775476695,0,0
0.2,0.768,180,-32.71351756110115,0.9999999999999998,116.565051,0.10982667775476695,0,0
0.2,0.769,180,-32.71351756110115,0.9999999999999998,116.565051,0.10982667775476695,0,0
0.2,0.77,180,-32.71351756110115,0.9999999999999998,116.565051,0.10982667775476695,0,0
0.2,0.771,180,-32.71351756110115,0.9999999999999998,116.565051,0.10982667775476695,0,0
0.2,0.772,180,-32.71351756110115,0.9999999999999998,116.565051,0.10982667775476695,0,0
0.2,0.773,180,-32.71351756110115,0.9999999999999998,116.565051,0.10982667775476695,0,0
0.2,0.774,180,-32.71351756110115,0.9999999999999998,116.565051,0.10982667775476695,0,0
0.2,0.775,180,-32.71351756110115,0.9999999999999998,116.565051,0.10982667775476695,0,0
0.2,0.776,180,-32.71351756110115,0.9999999999999998,116.565051,0.10982667775476695,0,0
0.2,0.777,180,-32.71351756110115,0.9999999999999998,116.565051,0.10982667775476695,0,0
0.2,0.778,180,-32.71351756110115,0.9999999999999998,116.565051,0.10982667775476695,0,0
0.2,0.779,180,-32.71351756110115,0.9999999999999998,116.565051,0.10982667775476695,0,0
0.2,0.78,180,-32.71351756110115,0.9999999999999998,116.565051,0.10982667775476695,0,0
0.2,0.781,180,-32.71351756110115,0.9999999999999998,116.565051,0.10982667775476695,0,0
0.2,0.782,180,-32.71351756110115,0.9999999999999998,116.565051,0.10982667775476695,0,0
0.2,0.783,180,-32.71351756110115,0.9999999999999998,116.565051,0.10982667775476695,0,0
0.2,0.784,180,-32.71351756110115,0.9999999999999998,116.565051,0.10982667775476695,0,0
0.2,0.785,180,-32.71351756110115,0.9999999999999998,116.565051,0.10982667775476695,0,0
0.2,0.786,180,-32.71351756110115,0.9999999999999998,116.565051,0.10982667775476695,0,0
0.2,0.787,180,-32.71351756110115,0.9999999999999998,116.565051,0.10982667775476695,0,0
0.2,0.788,180,-32.71351756110115,0.9999999999999998,116.565051,0.10982667775476695,0,0
0.2,0.789,180,-32.71351756110115,0.9999999999999998,116.565051,0.10982667775476695,0,0
0.2,0.79,180,-32.71351756110115,0.9999999999999998,116.565051,0.10982667775476695,0,0
0.2,0.791,180,-32.71351756110115,0.9999999999999998,116.565051,0.10982667775476695,0,0
0.2,0.792,180,-32.71351756110115,0.9999999999999998,116.565051,0.10982667775476695,0,0
0.2,0.793,180,-32.71351756110115,0.9999999999999998,116.565051,0.10982667775476695,0,0
0.2,0.794,180,-32.71351756110115,0.9999999999999998,116.565051,0.10982667775476695,0,0
0.2,0.795,180,-32.71351756110115,0.9999999999999998,116.565051,0.10982667775476695,0,0
0.2,0.796,180,-32.71351756110115,0.9999999999999998,116.565051,0.10982667775476695,0,0
0.2,0.797,180,-32.71351756110115,0.9999999999999998,116.565051,0.10982667775476695,0,0
0.2,0.798,180,-32.71351756110115,0.9999999999999998,116.565051,0.10982667775476695,0,0
0.2,0.799,180,-32.71351756110115,0.9999999999999998,116.565051,0.10982667775476695,0,0
0.2,0.8,180,-32.71351756110115,0.9999999999999998,116.565051,0.10982667775476695,0,0
0.2,0.801,179.61538461538464,-32.71351756110115,0.9889293385060768,116.565051,0.10982667775476695,0,0
0.2,0.802,179.23076923076923,-32.71351756110115,0.9778689456206598,116.565051,0.10982667775476695,0,0
0.2,0.803,178.84615384615384,-32.71351756110115,0.9668178264828019,116.565051,0.10982667775476695,0,0
0.2,0.804,178.46153846153848,-32.71351756110115,0.9557749880526155,116.565051,0.10982667775476695,0,0
0.2,0.805,178.0769230769231,-32.71351756110115,0.944739438754,116.565051,0.10982667775476695,0,0
0.2,0.806,177.6923076923077,-32.71351756110115,0.9337101881179302,116.565051,0.10982667775476695,0,0
0.2,0.807,177.30769230769232,-32.71351756110115,0.9226862464260535,116.565051,0.10982667775476695,0,0
0.2,0.808,176.92307692307693,-32.71351756110115,0.9116666243543144,116.565051,0.10982667775476695,0,0
0.2,0.809,176.53846153846152,-32.71351756110115,0.9006503326163251,116.565051,0.10982667775476695,0,0
0.2,0.81,176.15384615384616,-32.71351756110115,0.8896363816062274,116.565051,0.10982667775476695,0,0
0.2,0.811,175.76923076923077,-32.71351756110115,0.8786237810407466,116.565051,0.10982667775476695,0,0
0.2,0.812,175.3846153846154,-32.71351756110115,0.8676115396001867,116.565051,0.10982667775476695,0,0
0.2,0.813,175.00000000000003,-32.71351756110115,0.856598664568063,116.565051,0.10982667775476695,0,0
0.2,0.814,174.61538461538464,-32.71351756110115,0.8455841614691106,116.565051,0.10982667775476695,0,0
0.2,0.815,174.23076923076928,-32.71351756110115,0.834567033705378,116.565051,0.10982667775476695,0,0
0.2,0.816,173.8461538461539,-32.71351756110115,0.8235462821901204,116.565051,0.10982667775476695,0,0
0.2,0.817,173.4615384615385,-32.71351756110115,0.8125209049791972,116.565051,0.10982667775476695,0,0
0.2,0.818,173.07692307692312,-32.71351756110115,0.8014898968996915,116.565051,0.10982667775476695,0,0
0.2,0.819,172.69230769230774,-32.71351756110115,0.7904522491754515,116.565051,0.10982667775476695,0,0
0.2,0.82,172.30769230769232,-32.71351756110115,0.7794069490492377,116.565051,0.10982667775476695,0,0
0.2,0.821,171.92307692307696,-32.71351756110115,0.7683529794011934,116.565051,0.10982667775476695,0,0
0.2,0.822,171.53846153846158,-32.71351756110115,0.7572893183633006,116.565051,0.10982667775476695,0,0
0.2,0.823,171.1538461538462,-32.71351756110115,0.7462149389295234,116.85600825841131,0.10648273460166524,0,0
0.2,0.824,170.76923076923083,-32.71351756110115,0.7351288085613041,117.70819796903102,0.09671098053970306,0,0
0.2,0.825,170.38461538461542,-32.71351756110115,0.7240298887880761,118.56137079990926,0.08697391554014722,0,0
0.2,0.826,170.00000000000003,-32.71351756110115,0.7129171348024699,119.41560706528188,0.07791658599311013,0,0
0.2,0.827,169.61538461538467,-32.71351756110115,0.701789495049848,120.27098759804669,0.07321447333106867,0,0
0.2,0.828,169.23076923076925,-32.71351756110115,0.6906459108118268,121.12759378177776,0.07192482625053409,0,0
0.2,0.829,168.84615384615387,-32.71351756110115,0.6794853157834176,121.98550758323088,0.07078896107804789,0,0
0.2,0.83,168.4615384615385,-32.71351756110115,0.668306635643407,122.84481158536815,0.06970581232239881,0,0
0.2,0.831,168.07692307692312,-32.71351756110115,0.6571087876176065,123.7055890209309,0.06869157414161275,0.00045346668394774525,0
0.2,0.832,167.6923076923077,-32.71351756110115,0.645890680034561,124.56792380659265,0.06641341513544208,0.003631288525045573,0
0.2,0.833,167.30769230769235,-32.71351756110115,0.63465121187333,125.43190057772073,0.061204680060474415,0.009030896015073786,0
0.2,0.834,166.92307692307696,-32.71351756110115,0.6233892723029026,126.29760472378165,0.05559719742154834,0.015179463749138256,0
0.2,0.835,166.53846153846155,-32.71351756110115,0.612103740212837,127.16512242442072,0.05013975486681832,0.018312836167927005,0
0.2,0.836,166.1538461538462,-32.71351756110115,0.6007934837346699,128.03454068625126,0.04485131275216947,0.017844884408378947,0
0.2,0.837,165.7692307692308,-32.71351756110115,0.5894573597536358,128.90594738038868,0.039751250173162944,0.013556334053659302,0
0.2,0.838,165.38461538461544,-32.71351756110115,0.5780942134102386,129.77943128076473,0.03485936816666291,0.005344802824417849,0
0.2,0.839,165.00000000000006,-32.71351756110115,0.5667028775911694,130.65508210326033,0.03019589289360214,0.0003060978563753647,0
0.2,0.84,164.61538461538464,-32.71351756110115,0.5552821724090814,131.53299054569547,0.02578147877721637,0,0
0.2,0.841,164.23076923076928,-32.71351756110115,0.5438309046706956,132.4132483287159,0.02163721156931908,0,0
0.2,0.842,163.84615384615387,-32.71351756110115,0.5323478673326891,133.29594823761866,0.017784611315376564,0,0
0.2,0.843,163.46153846153848,-32.71351756110115,0.5208318389448245,134.1811841651589,0.014245635187168704,0,0
0.2,0.844,163.0769230769231,-32.71351756110115,0.5092815830797204,135.06905115538336,0.011042680149661699,0,0
0.2,0.845,162.6923076923077,-32.71351756110115,0.4976958477486799,135.95964544853544,0.008198585426483218,0,0
0.2,0.846,162.30769230769235,-32.71351756110115,0.48607336480294566,136.8530645270808,0.005736634725869827,0,0
0.2,0.847,161.92307692307693,-32.71351756110115,0.47441284931972827,137.74940716290314,0.0036805581863978976,0,0
0.2,0.848,161.53846153846158,-32.71351756110115,0.4627129989723545,138.648773465721,0.0020545339989284095,0,0
0.2,0.849,161.1538461538462,-32.71351756110115,0.4509724933838128,139.55126493278064,0.0008831896582184307,0,0
0.2,0.85,160.7692307692308,-32.71351756110115,0.4391899934629961,140.4569844998788,0.00019160279438668049,0,0
0.2,0.851,160.38461538461542,-32.71351756110115,0.42736414072286194,141.36603659377596,0,0,0
0.2,0.852,160.00000000000003,-32.71351756110115,0.4154935565797447,142.2785271860578,0,0,0
0.2,0.853,159.61538461538464,-32.71351756110115,0.40357684163299484,143.19456384850955,0,0,0
0.2,0.854,159.23076923076925,-32.71351756110115,0.3916125749240842,144.11425581006833,0,0,0
0.2,0.855,158.84615384615387,-32.71351756110115,0.3795993131743124,145.03771401542056,0,0,0
0.2,0.856,158.46153846153848,-32.71351756110115,0.36753559000016256,145.9650511853177,0,0,0
0.2,0.857,158.0769230769231,-32.71351756110115,0.3554199151053704,146.89638187868152,0,0,0
0.2,0.858,157.69230769230774,-32.71351756110115,0.3432507734486728,147.83182255657943,0,0,0
0.2,0.859,157.30769230769232,-32.71351756110115,0.3310266243862105,148.77149164814767,0,0,0
0.2,0.86,156.92307692307693,-32.71351756110115,0.3187459007874782,149.71550961854842,0,0,0
0.2,0.861,156.53846153846158,-32.71351756110115,0.30640700812366983,150.66399903904832,0,0,0
0.2,0.862,156.1538461538462,-32.71351756110115,0.2940083235272423,151.61708465930988,0,0,0
0.2,0.863,155.7692307692308,-32.71351756110115,0.2815481948214374,152.57489348199198,0,0,0
0.2,0.864,155.38461538461542,-32.71351756110115,0.26902493951844625,153.53755483976087,0,0,0
0.2,0.865,155.00000000000003,-32.71351756110115,0.2564368437848761,154.50520047481464,0,0,0
0.2,0.866,154.6153846153846,-32.71351756110115,0.24378216137305803,155,0,0,0
0.2,0.867,154.23076923076925,-32.71351756110115,0.23105911251673006,155,0,0,0
0.2,0.868,153.84615384615387,-32.71351756110115,0.21826588278950187,155,0,0,0
0.2,0.869,153.46153846153848,-32.71351756110115,0.20540062192448033,155,0,0,0
0.2,0.87,153.0769230769231,-32.71351756110115,0.19246144259333056,155,0,0,0
0.2,0.871,152.6923076923077,-32.71351756110115,0.17944641914295895,155,0,0,0
0.2,0.872,152.30769230769235,-32.71351756110115,0.16635358628795383,155,0,0,0
0.2,0.873,151.92307692307693,-32.71351756110115,0.15318093775677113,155,0,0,0
0.2,0.874,151.53846153846155,-32.71351756110115,0.1399264248896172,155,0,0,0
0.2,0.875,151.1538461538462,-32.71351756110115,0.12658795518581764,155,0,0,0
0.2,0.876,150.76923076923077,-32.71351756110115,0.11316339079840103,155,0,0,0
0.2,0.877,150.38461538461542,-32.71351756110115,0.09965054697348621,155,0,0,0
0.2,0.878,150.00000000000003,-32.71351756110115,0.08604719043193157,155,0,0,0
0.2,0.879,149.61538461538464,-32.71351756110115,0.0723510376906056,155,0,0,0
0.2,0.88,149.23076923076923,-32.71351756110115,0.058559753320479,155,0,0,0
0.2,0.881,148.84615384615387,-32.71351756110115,0.04467094813858731,155,0,0,0
0.2,0.882,148.46153846153848,-32.71351756110115,0.030682177330784613,155,0,0,0
0.2,0.883,148.0769230769231,-32.71351756110115,0.01659093850202621,155,0,0,0
0.2,0.884,147.6923076923077,-32.71351756110115,0.0023946696507595754,155,0,0,0
0.2,0.885,147.30769230769235,-32.71351756110115,0,155,0,0,0
0.2,0.886,146.92307692307693,-32.71351756110115,0,155,0,0,0
0.2,0.887,146.53846153846158,-32.71351756110115,0,155,0,0,0
0.2,0.888,146.1538461538462,-32.71351756110115,0,155,0,0,0
0.2,0.889,145.76923076923077,-32.71351756110115,0,155,0,0,0
0.2,0.89,145.3846153846154,-32.71351756110115,0,155,0,0,0
0.2,0.891,145.00000000000003,-32.71351756110115,0,155,0,0,0
0.2,0.892,144.61538461538464,-32.71351756110115,0,155,0,0,0
0.2,0.893,144.23076923076925,-32.71351756110115,0,155,0,0,0
0.2,0.894,143.84615384615387,-32.71351756110115,0,155,0,0,0
0.2,0.895,143.4615384615385,-32.71351756110115,0,155,0,0,0
0.2,0.896,143.0769230769231,-32.71351756110115,0,155,0,0,0
0.2,0.897,142.6923076923077,-32.71351756110115,0,155,0,0,0
0.2,0.898,142.30769230769232,-32.71351756110115,0,155,0,0,0
0.2,0.899,141.92307692307693,-32.71351756110115,0,155,0,0,0
0.2,0.9,141.53846153846155,-32.71351756110115,0,155,0,0,0
0.2,0.901,141.1538461538462,-32.71351756110115,0,155,0,0,0
0.2,0.902,140.7692307692308,-32.71351756110115,0,155,0,0,0
0.2,0.903,140.3846153846154,-32.71351756110115,0,155,0,0,0
0.2,0.904,140,-32.71351756110115,0,155,0,0,0
0.2,0.905,139.6153846153846,-32.71351756110115,0,155,0,0,0
0.2,0.906,139.23076923076925,-32.71351756110115,0,155,0,0,0
0.2,0.907,138.84615384615384,-32.71351756110115,0,155,0,0,0
0.2,0.908,138.46153846153848,-32.71351756110115,0,155,0,0,0
0.2,0.909,138.0769230769231,-32.71351756110115,0,155,0,0,0
0.2,0.91,137.69230769230768,-32.71351756110115,0,155,0,0,0
0.2,0.911,137.30769230769232,-32.71351756110115,0,155,0,0,0
0.2,0.912,136.92307692307693,-32.71351756110115,0,155,0,0,0
0.2,0.913,136.53846153846155,-32.71351756110115,0,155,0,0,0
0.2,0.914,136.15384615384616,-32.71351756110115,0,155,0,0,0
0.2,0.915,135.76923076923077,-32.71351756110115,0,155,0,0,0
0.2,0.916,135.38461538461542,-32.71351756110115,0,155,0,0,0
0.2,0.917,135,-32.71351756110115,0,155,0,0,0
0.2,0.918,134.6153846153846,-32.71351756110115,0,155,0,0,0
0.2,0.919,134.23076923076925,-32.71351756110115,0,155,0,0,0
0.2,0.92,133.84615384615384,-32.71351756110115,0,155,0,0,0
0.2,0.921,133.46153846153848,-32.71351756110115,0,155,0,0,0
0.2,0.922,133.0769230769231,-32.71351756110115,0,155,0,0,0
0.2,0.923,132.6923076923077,-32.71351756110115,0,155,0,0,0
0.2,0.924,132.3076923076923,-32.71351756110115,0,155,0,0,0
0.2,0.925,131.92307692307693,-32.71351756110115,0,155,0,0,0
0.2,0.926,131.53846153846155,-32.71351756110115,0,155,0,0,0
0.2,0.927,131.15384615384616,-32.71351756110115,0,155,0,0,0
0.2,0.928,130.76923076923077,-32.71351756110115,0,155,0,0,0
0.2,0.929,130.3846153846154,-32.71351756110115,0,155,0,0,0
0.2,0.93,130,-32.71351756110115,0,155,0,0,0
0.2,0.931,129.57142857142858,-32.717610167371134,0,155,0,0,0
0.2,0.932,129.14285714285714,-32.72170277364112,0,155,0,0,0
0.2,0.933,128.71428571428572,-32.725795379911105,0,155,0,0,0
0.2,0.934,128.28571428571428,-32.72988798618108,0,155,0,0,0
0.2,0.935,127.85714285714286,-32.73398059245107,0,155,0,0,0
0.2,0.936,127.42857142857143,-32.738073198721054,0,155,0,0,0
0.2,0.937,127.00000000000003,-32.74216580499104,0,155,0,0,0
0.2,0.938,126.57142857142863,-32.74625841126102,0,155,0,0,0
0.2,0.939,126.14285714285718,-32.750351017531,0,155,0,0,0
0.2,0.94,125.7142857142858,-32.75444362380099,0,155,0,0,0
0.2,0.941,125.28571428571433,-32.75853623007097,0,155,0,0,0
0.2,0.942,124.8571428571429,-32.76262883634095,0,155,0,0,0
0.2,0.943,124.42857142857146,-32.76672144261094,0,155,0,0,0
0.2,0.944,124.00000000000006,-32.77081404888092,0,155,0,0,0
0.2,0.945,123.57142857142863,-32.77490665515091,0,155,0,0,0
0.2,0.946,123.1428571428572,-32.778999261420886,0,155,0,0,0
0.2,0.947,122.71428571428574,-32.78309186769087,0,155,0,0,0
0.2,0.948,122.2857142857143,-32.787184473960856,0,155,0,0,0
0.2,0.949,121.8571428571429,-32.79127708023084,0,155,0,0,0
0.2,0.95,121.42857142857147,-32.79536968650082,0,155,0,0,0
0.2,0.951,121.00000000000003,-32.799462292770805,0,155,0,0,0
0.2,0.952,120.57142857142861,-32.80355489904079,0,155,0,0,0
0.2,0.953,120.14285714285718,-32.807647505310776,0,155,0,0,0
0.2,0.954,119.71428571428575,-32.811740111580754,0,155,0,0,0
0.2,0.955,119.28571428571432,-32.81583271785074,0,155,0,0,0
0.2,0.956,118.85714285714292,-32.81992532412072,0,155,0,0,0
0.2,0.957,118.42857142857149,-32.82401793039071,0,155,0,0,0
0.2,0.958,118.00000000000003,-32.82811053666069,0,155,0,0,0
0.2,0.959,117.57142857142858,-32.83220314293067,0,155,0,0,0
0.2,0.96,117.14285714285718,-32.83629574920065,0,155,0,0,0
0.2,0.961,116.71428571428577,-32.840388355470644,0,155,0,0,0
0.2,0.962,116.28571428571432,-32.84448096174062,0,155,0,0,0
0.2,0.963,115.85714285714289,-32.84857356801061,0,155,0,0,0
0.2,0.964,115.42857142857147,-32.852666174280586,0,155,0,0,0
0.2,0.965,115.00000000000003,-32.85675878055058,0,155,0,0,0
0.2,0.966,114.57142857142861,-32.860851386820556,0,155,0,0,0
0.2,0.967,114.14285714285718,-32.86494399309054,0,155,0,0,0
0.2,0.968,113.71428571428575,-32.86903659936052,0,155,0,0,0
0.2,0.969,113.28571428571432,-32.873129205630505,0,155,0,0,0
0.2,0.97,112.85714285714289,-32.8772218119005,0,155,0,0,0
0.2,0.971,112.42857142857146,-32.881314418170476,0,155,0,0,0
0.2,0.972,112.00000000000004,-32.88540702444046,0,155,0,0,0
0.2,0.973,111.57142857142861,-32.88949963071044,0,155,0,0,0
0.2,0.974,111.14285714285718,-32.89359223698043,0,155,0,0,0
0.2,0.975,110.71428571428575,-32.89768484325041,0,155,0,0,0
0.2,0.976,110.28571428571432,-32.901777449520395,0,155,0,0,0
0.2,0.977,109.85714285714289,-32.90587005579037,0,155,0,0,0
0.2,0.978,109.42857142857146,-32.909962662060366,0,155,0,0,0
0.2,0.979,109.00000000000003,-32.914055268330344,0,155,0,0,0
0.2,0.98,108.5714285714286,-32.91814787460033,0,155,0,0,0
0.2,0.981,108.14285714285717,-32.92224048087031,0,155,0,0,0
0.2,0.982,107.71428571428575,-32.92633308714029,0,155,0,0,0
0.2,0.983,107.28571428571433,-32.93042569341028,0,155,0,0,0
0.2,0.984,106.8571428571429,-32.93451829968026,0,155,0,0,0
0.2,0.985,106.42857142857144,-32.93861090595024,0,155,0,0,0
0.2,0.986,106.00000000000001,-32.94270351222023,0,155,0,0,0
0.2,0.987,105.57142857142858,-32.94679611849021,0,155,0,0,0
0.2,0.988,105.14285714285717,-32.9508887247602,0,155,0,0,0
0.2,0.989,104.71428571428574,-32.954981331030176,0,155,0,0,0
0.2,0.99,104.2857142857143,-32.95907393730016,0,155,0,0,0
0.2,0.991,103.85714285714289,-32.963166543570146,0,155,0,0,0
0.2,0.992,103.42857142857146,-32.96725914984013,0,155,0,0,0
0.2,0.993,103.00000000000003,-32.97135175611011,0,155,0,0,0
0.2,0.994,102.5714285714286,-32.975444362380095,0,155,0,0,0
0.2,0.995,102.14285714285717,-32.97953696865008,0,155,0,0,0
0.2,0.996,101.71428571428574,-32.983629574920066,0,155,0,0,0
0.2,0.997,101.2857142857143,-32.987722181190044,0,155,0,0,0
0.2,0.998,100.85714285714288,-32.99181478746003,0,155,0,0,0
0.2,0.999,100.42857142857146,-32.995907393730015,0,155,0,0,0
0.2,1,100.00000000000003,-33,0,155,0,0,0
1,0,100,-33,0,155,0,0,0
1,0.001,100,-33,0,155,0,0,0
1,0.002,100,-33,0,155,0,0,0
1,0.003,100,-33,0,155,0,0,0
1,0.004,100,-33,0,155,0,0,0
1,0.005,100,-33,0,155,0,0,0
1,0.006,100,-33,0,155,0,0,0
1,0.007,100,-33,0,155,0,0,0
1,0.008,100,-33,0,155,0,0,0
1,0.009,100,-33,0,155,0,0,0
1,0.01,100,-33,0,155,0,0,0
1,0.011,100,-33,0,155,0,0,0
1,0.012,100,-33,0,155,0,0,0
1,0.013,100,-33,0,155,0,0,0
1,0.014,100,-33,0,155,0,0,0
1,0.015,100,-33,0,155,0,0,0
1,0.016,100,-33,0,155,0,0,0
1,0.017,100,-33,0,155,0,0,0
1,0.018,100,-33,0,155,0,0,0
1,0.019,100,-33,0,155,0,0,0
1,0.02,100,-33,0,155,0,0,0
1,0.021,100,-33,0,155,0,0,0
1,0.022,100,-33,0,155,0,0,0
1,0.023,100,-33,0,155,0,0,0
1,0.024,100,-33,0,155,0,0,0
1,0.025,100,-33,0,155,0,0,0
1,0.026,100,-33,0,155,0,0,0
1,0.027,100,-33,0,155,0,0,0
1,0.028,100,-33,0,155,0,0,0
1,0.029,100,-33,0,155,0,0,0
1,0.03,100,-33,0,155,0,0,0
1,0.031,100,-33,0,155,0,0,0
1,0.032,100,-33,0,155,0,0,0
1,0.033,100,-33,0,155,0,0,0
1,0.034,100,-33,0,155,0,0,0
1,0.035,100,-33,0,155,0,0,0
1,0.036,100,-33,0,155,0,0,0
1,0.037,100,-33,0,155,0,0,0
1,0.038,100,-33,0,155,0,0,0
1,0.039,100,-33,0,155,0,0,0
1,0.04,100,-33,0,155,0,0,0
1,0.041,100,-33,0,155,0,0,0
1,0.042,100,-33,0,155,0,0,0
1,0.043,100,-33,0,155,0,0,0
1,0.044,100,-33,0,155,0,0,0
1,0.045,100,-33,0,155,0,0,0
1,0.046,100,-33,0,155,0,0,0
1,0.047,100,-33,0,155,0,0,0
1,0.048,100,-33,0,155,0,0,0
1,0.049,100,-33,0,155,0,0,0
1,0.05,100,-33,0,155,0,0,0
1,0.051,100,-33,0,155,0,0,0
1,0.052,100,-33,0,155,0,0,0
1,0.053,100,-33,0,155,0,0,0
1,0.054,100,-33,0,155,0,0,0
1,0.055,100,-33,0,155,0,0,0
1,0.056,100,-33,0,155,0,0,0
1,0.057,100,-33,0,155,0,0,0
1,0.058,100,-33,0,155,0,0,0
1,0.059,100,-33,0,155,0,0,0
1,0.06,100,-33,0,155,0,0,0
1,0.061,100,-33,0,155,0,0,0
1,0.062,100,-33,0,155,0,0,0
1,0.063,100,-33,0,155,0,0,0
1,0.064,100,-33,0,155,0,0,0
1,0.065,100,-33,0,155,0,0,0
1,0.066,100,-33,0,155,0,0,0
1,0.067,100,-33,0,155,0,0,0
1,0.068,100,-33,0,155,0,0,0
1,0.069,100,-33,0,155,0,0,0
1,0.07,100,-33,0,155,0,0,0
1,0.071,100,-33,0,155,0,0,0
1,0.072,100,-33,0,155,0,0,0
1,0.073,100,-33,0,155,0,0,0
1,0.074,100,-33,0,155,0,0,0
1,0.075,100,-33,0,155,0,0,0
1,0.076,100,-33,0,155,0,0,0
1,0.077,100,-33,0,155,0,0,0
1,0.078,100,-33,0,155,0,0,0
1,0.079,100,-33,0,155,0,0,0
1,0.08,100,-33,0,155,0,0,0
1,0.081,100,-33,0,155,0,0,0
1,0.082,100,-33,0,155,0,0,0
1,0.083,100,-33,0,155,0,0,0
1,0.084,100,-33,0,155,0,0,0
1,0.085,100,-33,0,155,0,0,0
1,0.086,100,-33,0,155,0,0,0
1,0.087,100,-33,0,155,0,0,0
1,0.088,100,-33,0,155,0,0,0
1,0.089,100,-33,0,155,0,0,0
1,0.09,100,-33,0,155,0,0,0
1,0.091,100,-33,0,155,0,0,0
1,0.092,100,-33,0,155,0,0,0
1,0.093,100,-33,0,155,0,0,0
1,0.094,100,-33,0,155,0,0,0
1,0.095,100,-33,0,155,0,0,0
1,0.096,100,-33,0,155,0,0,0
1,0.097,100,-33,0,155,0,0,0
1,0.098,100,-33,0,155,0,0,0
1,0.099,100,-33,0,155,0,0,0
1,0.1,100,-33,0,155,0,0,0
1,0.101,100.26927970813945,-33,0,155,0,0,0
1,0.102,100.53855941627893,-33,0,155,0,0,0
1,0.103,100.80783912441838,-33,0,155,0,0,0
1,0.104,101.07711883255784,-33,0,155,0,0,0
1,0.105,101.3463985406973,-33,0,155,0,0,0
1,0.106,101.61567824883676,-33,0,155,0,0,0
1,0.107,101.88495795697621,-33,0,155,0,0,0
1,0.108,102.15423766511566,-33,0,155,0,0,0
1,0.109,102.42351737325512,-33,0,155,0,0,0
1,0.11,102.69279708139457,-33,0,155,0,0,0
1,0.111,102.96207678953404,-33,0,155,0,0,0
1,0.112,103.23135649767349,-33,0,155,0,0,0
1,0.113,103.50063620581294,-33,0,155,0,0,0
1,0.114,103.76991591395242,-33,0,155,0,0,0
1,0.115,104.03919562209187,-33,0,155,0,0,0
1,0.116,104.30847533023133,-33,0,155,0,0,0
1,0.117,104.57775503837078,-33,0,155,0,0,0
1,0.118,104.84703474651023,-33,0,155,0,0,0
1,0.119,105.1163144546497,-33,0,155,0,0,0
1,0.12,105.38559416278915,-33,0,155,0,0,0
1,0.121,105.6548738709286,-33,0,155,0,0,0
1,0.122,105.92415357906806,-33,0,155,0,0,0
1,0.123,106.19343328720751,-33,0,155,0,0,0
1,0.124,106.46271299534698,-33,0,155,0,0,0
1,0.125,106.73199270348643,-33,0,155,0,0,0
1,0.126,107.0012724116259,-33,0,155,0,0,0
1,0.127,107.27055211976536,-33,0,155,0,0,0
1,0.128,107.53983182790482,-33,0,155,0,0,0
1,0.129,107.80911153604427,-33,0,155,0,0,0
1,0.13,108.07839124418372,-33,0,155,0,0,0
1,0.131,108.34767095232318,-33,0,155,0,0,0
1,0.132,108.61695066046265,-33,0,155,0,0,0
1,0.133,108.8862303686021,-33,0,155,0,0,0
1,0.134,109.15551007674155,-33,0,155,0,0,0
1,0.135,109.42478978488101,-33,0,155,0,0,0
1,0.136,109.69406949302046,-33,0,155,0,0,0
1,0.137,109.96334920115994,-33,0,155,0,0,0
1,0.138,110.2326289092994,-33,0,155,0,0,0
1,0.139,110.50190861743886,-33,0,155,0,0,0
1,0.14,110.77118832557831,-33,0,155,0,0,0
1,0.141,111.04046803371776,-33,0,155,0,0,0
1,0.142,111.30974774185722,-33,0,155,0,0,0
1,0.143,111.57902744999667,-33,0,155,0,0,0
1,0.144,111.84830715813612,-33,0,155,0,0,0
1,0.145,112.11758686627559,-33,0,155,0,0,0
1,0.146,112.38686657441505,-33,0,155,0,0,0
1,0.147,112.6561462825545,-33,0,155,0,0,0
1,0.148,112.92542599069395,-33,0,155,0,0,0
1,0.149,113.19470569883343,-33,0,155,0,0,0
1,0.15,113.46398540697288,-33,0,155,0,0,0
1,0.151,113.73326511511235,-33,0,155,0,0,0
1,0.152,114.0025448232518,-33,0,155,0,0,0
1,0.153,114.27182453139126,-33,0,155,0,0,0
1,0.154,114.54110423953071,-33,0,155,0,0,0
1,0.155,114.81038394767016,-33,0,155,0,0,0
1,0.156,115.07966365580963,-33,0,155,0,0,0
1,0.157,115.34894336394908,-33,0,155,0,0,0
1,0.158,115.61822307208855,-33,0,155,0,0,0
1,0.159,115.88750278022799,-33,0,155,0,0,0
1,0.16,116.15678248836744,-33,0,155,0,0,0
1,0.161,116.42606219650692,-33,0,155,0,0,0
1,0.162,116.69534190464638,-33,0,155,0,0,0
1,0.163,116.96462161278582,-33,0,155,0,0,0
1,0.164,117.23390132092528,-33,0,155,0,0,0
1,0.165,117.50318102906475,-33,0,155,0,0,0
1,0.166,117.77246073720418,-33,0,155,0,0,0
1,0.167,118.04174044534365,-33,0,155,0,0,0
1,0.168,118.31102015348311,-33,0,155,0,0,0
1,0.169,118.58029986162259,-33,0,155,0,0,0
1,0.17,118.84957956976201,-33,0,155,0,0,0
1,0.171,119.11885927790149,-33,0,155,0,0,0
1,0.172,119.38813898604096,-33,0,155,0,0,0
1,0.173,119.65741869418038,-33,0,155,0,0,0
1,0.174,119.92669840231986,-33,0,155,0,0,0
1,0.175,120.19597811045932,-33,0,155,0,0,0
1,0.176,120.46525781859879,-33,0,155,0,0,0
1,0.177,120.73453752673822,-33,0,155,0,0,0
1,0.178,121.00381723487769,-33,0,155,0,0,0
1,0.179,121.27309694301715,-33,0,155,0,0,0
1,0.18,121.54237665115659,-33,0,155,0,0,0
1,0.181,121.81165635929605,-33,0,155,0,0,0
1,0.182,122.08093606743553,-33,0,155,0,0,0
1,0.183,122.350215775575,-33,0,155,0,0,0
1,0.184,122.61949548371442,-33,0,155,0,0,0
1,0.185,122.8887751918539,-33,0,155,0,0,0
1,0.186,123.15805489999336,-33,0,155,0,0,0
1,0.187,123.42733460813281,-33,0,155,0,0,0
1,0.188,123.69661431627226,-33,0,155,0,0,0
1,0.189,123.96589402441172,-33,0,155,0,0,0
1,0.19,124.23517373255119,-33,0,155,0,0,0
1,0.191,124.50445344069064,-33,0,155,0,0,0
1,0.192,124.77373314883009,-33,0,155,0,0,0
1,0.193,125.04301285696957,-33,0,155,0,0,0
1,0.194,125.31229256510902,-33,0,155,0,0,0
1,0.195,125.58157227324847,-33,0,155,0,0,0
1,0.196,125.85085198138793,-33,0,155,0,0,0
1,0.197,126.12013168952738,-33,0,155,0,0,0
1,0.198,126.38941139766685,-33,0,155,0,0,0
1,0.199,126.6586911058063,-33,0,155,0,0,0
1,0.2,126.92797081394575,-33,0,155,0,0,0
1,0.201,127.19725052208521,-33,0,155,0,0,0
1,0.202,127.46653023022468,-33,0,155,0,0,0
1,0.203,127.73580993836411,-33,0,155,0,0,0
1,0.204,128.0050896465036,-33,0,155,0,0,0
1,0.205,128.27436935464306,-33,0,155,0,0,0
1,0.206,128.5436490627825,-33,0,155,0,0,0
1,0.207,128.81292877092196,-33,0,155,0,0,0
1,0.208,129.08220847906142,-33,0,155,0,0,0
1,0.209,129.35148818720086,-33,0,155,0,0,0
1,0.21,129.62076789534032,-33,0,155,0,0,0
1,0.211,129.8900476034798,-33,0,155,0,0,0
1,0.212,130.15932731161925,-33,0,155,0,0,0
1,0.213,130.42860701975872,-33,0,155,0,0,0
1,0.214,130.69788672789815,-33,0,155,0,0,0
1,0.215,130.96716643603762,-33,0,155,0,0,0
1,0.216,131.23644614417708,-33,0,155,0,0,0
1,0.217,131.50572585231652,-33,0,155,0,0,0
1,0.218,131.77500556045598,-33,0,155,0,0,0
1,0.219,132.04428526859544,-33,0,155,0,0,0
1,0.22,132.31356497673494,-33,0,155,0,0,0
1,0.221,132.58284468487435,-33,0,155,0,0,0
1,0.222,132.85212439301384,-33,0,155,0,0,0
1,0.223,133.1214041011533,-33,0,155,0,0,0
1,0.224,133.39068380929274,-33,0,155,0,0,0
1,0.225,133.6599635174322,-33,0,155,0,0,0
1,0.226,133.92924322557167,-33,0,155,0,0,0
1,0.227,134.19852293371113,-33,0,155,0,0,0
1,0.228,134.46780264185057,-33,0,155,0,0,0
1,0.229,134.73708234999003,-33,0,155,0,0,0
1,0.23,135.0063620581295,-33,0,155,0,0,0
1,0.231,135.27564176626893,-33,0,155,0,0,0
1,0.232,135.5449214744084,-33,0,155,0,0,0
1,0.233,135.81420118254786,-33,0,155,0,0,0
1,0.234,136.08348089068733,-33,0,155,0,0,0
1,0.235,136.35276059882676,-33,0,155,0,0,0
1,0.236,136.62204030696623,-33,0,155,0,0,0
1,0.237,136.8913200151057,-33,0,155,0,0,0
1,0.238,137.16059972324513,-33,0,155,0,0,0
1,0.239,137.4298794313846,-33,0,155,0,0,0
1,0.24,137.69915913952406,-33,0,155,0,0,0
1,0.241,137.96843884766352,-33,0,155,0,0,0
1,0.242,138.23771855580299,-33,0,155,0,0,0
1,0.243,138.50699826394242,-33,0,155,0,0,0
1,0.244,138.77627797208189,-33,0,155,0,0,0
1,0.245,139.04555768022135,-33,0,155,0,0,0
1,0.246,139.3148373883608,-33,0,155,0,0,0
1,0.247,139.58411709650025,-33,0,155,0,0,0
1,0.248,139.85339680463971,-33,0,155,0,0,0
1,0.249,140.12267651277918,-33,0,155,0,0,0
1,0.25,140.39195622091862,-33,0,155,0,0,0
1,0.251,140.66123592905808,-33,0,155,0,0,0
1,0.252,140.93051563719754,-33,0,155,0,0,0
1,0.253,141.19979534533698,-33,0,155,0,0,0
1,0.254,141.46907505347644,-33,0,155,0,0,0
1,0.255,141.7383547616159,-33,0,155,0,0,0
1,0.256,142.0076344697554,-33,0,155,0,0,0
1,0.257,142.27691417789487,-33,0,155,0,0,0
1,0.258,142.5461938860343,-33,0,155,0,0,0
1,0.259,142.81547359417377,-33,0,155,0,0,0
1,0.26,143.08475330231323,-33,0,155,0,0,0
1,0.261,143.35403301045267,-33,0,155,0,0,0
1,0.262,143.62331271859213,-33,0,155,0,0,0
1,0.263,143.8925924267316,-33,0,155,0,0,0
1,0.264,144.16187213487106,-33,0,155,0,0,0
1,0.265,144.4311518430105,-33,0,155,0,0,0
1,0.266,144.70043155114996,-33,0,155,0,0,0
1,0.267,144.96971125928943,-33,0,155,0,0,0
1,0.268,145.23899096742886,-33,0,155,0,0,0
1,0.269,145.50827067556833,-33,0,155,0,0,0
1,0.27,145.7775503837078,-33,0,155,0,0,0
1,0.271,146.04683009184726,-33,0,155,0,0,0
1,0.272,146.31610979998672,-33,0,155,0,0,0
1,0.273,146.58538950812616,-33,0,155,0,0,0
1,0.274,146.85466921626562,-33,0,155,0,0,0
1,0.275,147.12394892440508,-33,0,155,0,0,0
1,0.276,147.39322863254452,-33,0,155,0,0,0
1,0.277,147.66250834068398,-33,0.0012903072372504102,155,0,0,0
1,0.278,147.93178804882345,-33,0.011246440140813488,155,0,0,0
1,0.279,148.2010677569629,-33,0.02115060922816379,155,0,0,0
1,0.28,148.47034746510238,-33,0.031003704773560112,155,0,0,0
1,0.281,148.73962717324181,-33,0.0408066023905996,155,0,0,0
1,0.282,149.00890688138128,-33,0.050560163383928484,155,0,0,0
1,0.283,149.27818658952071,-33,0.060265235091593636,155,0,0,0
1,0.284,149.54746629766018,-33,0.06992265121834329,155,0,0,0
1,0.285,149.81674600579964,-33,0.0795332321601692,155,0,0,0
1,0.286,150.0860257139391,-33,0.08909778532036078,155,0,0,0
1,0.287,150.35530542207854,-33,0.09861710541734722,155,0,0,0
1,0.288,150.624585130218,-33,0.10809197478457686,155,0,0,0
1,0.289,150.89386483835747,-33,0.11752316366269401,155,0,0,0
1,0.29,151.1631445464969,-33,0.12691143048425674,155,0,0,0
1,0.291,151.4324242546364,-33,0.1362575221512085,155,0,0,0
1,0.292,151.70170396277587,-33,0.1455621743053572,155,0,0,0
1,0.293,151.97098367091533,-33,0.15482611159205617,155,0,0,0
1,0.294,152.24026337905477,-33,0.16405004791730737,155,0,0,0
1,0.295,152.50954308719423,-33,0.17323468669849107,155,0,0,0
1,0.296,152.77882279533367,-33,0.18238072110890285,155,0,0,0
1,0.297,153.04810250347313,-33,0.1914888343163134,155,0,0,0
1,0.298,153.3173822116126,-33,0.2005596997157042,155,0,0,0
1,0.299,153.58666191975206,-33,0.20959398115637934,155,0,0,0
1,0.3,153.85594162789153,-33,0.21859233316361132,155,0,0,0
1,0.301,154.12522133603096,-33,0.2275554011549892,155,0,0,0
1,0.302,154.39450104417043,-33,0.23648382165163392,155,0,0,0
1,0.303,154.6637807523099,-33,0.24537822248442132,155,0,0,0
1,0.304,154.93306046044933,-33,0.2542392229953787,154.674131360746,0,0,0
1,0.305,155.2023401685888,-33,0.26306743423439455,153.9955076632804,0,0,0
1,0.306,155.47161987672825,-33,0.2718634591513678,153.3193581251072,0,0,0
1,0.307,155.74089958486772,-33,0.28062789278395484,152.64563700574246,0,0,0
1,0.308,156.01017929300718,-33,0.2893613224410277,151.9742991588131,0,0,0
1,0.309,156.27945900114662,-33,0.2980643278819772,151.30530001827387,0,0,0
1,0.31,156.54873870928608,-33,0.30673748149198643,150.6385955849341,0,0,0
1,0.311,156.81801841742552,-33,0.3153813484533823,149.97414241328607,0,0,0
1,0.312,157.08729812556498,-33,0.32399648691320027,149.31189759862397,0,0,0
1,0.313,157.35657783370448,-33,0.33258344814704915,148.65181876444805,0,0,0
1,0.314,157.6258575418439,-33,0.34114277671940746,147.99386405014238,0,0,0
1,0.315,157.89513724998338,-33,0.3496750106404422,147.33799209892032,0,0,0
1,0.316,158.16441695812284,-33,0.3581806815194545,146.68416204602906,0,0,0
1,0.317,158.43369666626228,-33,0.3666603147150539,146.03233350720592,0,0,0
1,0.318,158.70297637440174,-33,0.3751144294821561,145.38246656737846,0,0,0
1,0.319,158.9722560825412,-33,0.3835435391158906,144.73452176960248,0,0,0
1,0.32,159.24153579068064,-33,0.39194815109252124,144.0884601042293,0,0,0
1,0.321,159.5108154988201,-33,0.40032876720745175,143.44424299829743,0,0,0
1,0.322,159.78009520695957,-33,0.4086858837104132,142.80183230514066,0,0,0
1,0.323,160.04937491509907,-33,0.41701999143790985,142.161190294207,0,0,0
1,0.324,160.31865462323847,-33,0.4253315759430039,141.52227964108204,0,0,0
1,0.325,160.58793433137797,-33,0.43362111762252004,140.88506341771088,0.0000392552733365914,0,0
1,0.326,160.8572140395174,-33,0.441889091841735,140.2495050828132,0.00030616434773111934,0,0
1,0.327,161.12649374765687,-33,0.4501359690566441,139.6155684724846,0.0008178620188004082,0,0
1,0.328,161.39577345579633,-33,0.4583622149338516,138.98321779098075,0.0015655995479926244,0,0
1,0.329,161.6650531639358,-33,0.4665682904681775,138.35241760167685,0.0025407364512279873,0,0
1,0.33,161.93433287207526,-33,0.4747546520980317,137.72313281819885,0.0037347404565084563,0,0
1,0.331,162.20361258021472,-33,0.4829217518186278,137.09532869572072,0.005139187403387702,0,0
1,0.332,162.47289228835416,-33,0.4910700372930985,136.46897082242333,0.006745761088850166,0.000005500645818612426,0
1,0.333,162.74217199649362,-33,0.49919995196157685,135.8440251111087,0.008546253063947296,0.0011968428462765246,0
1,0.334,163.01145170463306,-33,0.5073119351482946,135.22045779096797,0.010532562385295652,0.0028055952007965956,0
1,0.335,163.28073141277255,-33,0.5154064221667737,134.59823539949517,0.012696695325429275,0.0020840613126229535,0
1,0.336,163.550011120912,-33,0.523483844423144,133.97732477454505,0.015030765045730199,0.0009738898884870117,0
1,0.337,163.81929082905145,-33,0.5315446295176662,133.35769304652922,0.01752699123555468,0.0002547218063435608,0
1,0.338,164.08857053719092,-33,0.539589201344498,132.73930763074696,0.020177699720979048,0,0
1,0.339,164.35785024533035,-33,0.5476179801897624,132.12213621984694,0.0228110055492472,0,0
1,0.34,164.62712995346982,-33,0.5556313828279705,131.50614677641494,0.024236415299355274,0,0
1,0.341,164.89640966160928,-33,0.563629822616841,130.89130752568533,0.024290402310929604,0,0
1,0.342,165.16568936974872,-33,0.571613709590579,130.27758694837058,0.02410675570173826,0,0
1,0.343,165.43496907788818,-33,0.579583450551644,129.6649537736071,0.024032910754811176,0,0
1,0.344,165.70424878602768,-33,0.5875394491610703,129.05337697201233,0.024425747499863926,0,0
1,0.345,165.97352849416708,-33,0.5954821060273723,128.4428257488507,0.026765326309126536,0,0
1,0.346,166.24280820230658,-33,0.6034118187940891,127.83326953730388,0.031240483374984418,0,0
1,0.347,166.512087910446,-33,0.6113289822259974,127.22467799184375,0.03701376562202485,0,0
1,0.348,166.78136761858545,-33,0.6192339882940542,126.61702098170286,0.042906719458507325,0,0
1,0.349,167.0506473267249,-33,0.6271272262590887,126.01026858444094,0.04890573656999786,0,0
1,0.35,167.3199270348644,-33,0.6350090827543031,125.40439107960317,0.05500410340151407,0,0
1,0.351,167.37332739969008,-32.98875858041421,0.6365708004241317,125.28434200161863,0.05455929101055368,0,0
1,0.352,167.42672776451576,-32.97759003867181,0.6381320886009355,125.1643259387191,0.054128871053775285,0,0
1,0.353,167.4801281293414,-32.96649416530578,0.6396929502646279,125.04434266183898,0.05371276159473304,0,0
1,0.354,167.53352849416711,-32.95547075272853,0.64125338839136,124.92439194220177,0.05331088113465432,0,0
1,0.355,167.5869288589928,-32.94451959521662,0.6428134059535399,124.8044735513188,0.05292314860996017,0,0
1,0.356,167.64032922381844,-32.93364048889548,0.6443730059198597,124.68458726098699,0.05254948338985055,0,0
1,0.357,167.69372958864415,-32.9228332317245,0.6459321912553195,124.56473284328709,0.052189805273862966,0,0
1,0.358,167.7471299534698,-32.91209762348219,0.6474909649212506,124.44491007058188,0.05184403448950592,0,0
1,0.359,167.8005303182955,-32.90143346575159,0.6490493298753417,124.32511871551412,0.05151209168991144,0,0
1,0.36,167.85393068312115,-32.89084056190581,0.6506072890716603,124.20535855100495,0.05119389795149498,0,0
1,0.361,167.90733104794685,-32.880318717093886,0.6521648454606763,124.08562935025205,0.05091290790468195,0,0
1,0.362,167.96073141277253,-32.86986773822663,0.653722001989289,123.96593088672756,0.050856841209406145,0,0
1,0.363,168.0141317775982,-32.85948743396281,0.655278761600847,123.84626293417656,0.051059247884392533,0,0
1,0.364,168.0675321424239,-32.849177614695456,0.6568351272351765,123.72662526661497,0.051511544020239164,0,0
1,0.365,168.12093250724956,-32.838938092538285,0.6583911018285997,123.60701765832793,0.05220527448294421,0,0
1,0.366,168.17433287207524,-32.82876868131244,0.6599466883139625,123.4874398838679,0.05313211170794441,0,0
1,0.367,168.22773323690095,-32.81866919653319,0.661501889620655,123.36789171805299,0.05428385451090634,0,0
1,0.368,168.2811336017266,-32.80863945539707,0.6630567086746373,123.24837293596491,0.05565242691499783,0,0
1,0.369,168.33453396655227,-32.79867927676889,0.6646111483984631,123.12888331294728,0.057196513834769425,0,0
1,0.37,168.38793433137795,-32.788788481169114,0.6661652117113002,123.00942262460394,0.05875289215075452,0,0
1,0.371,168.44133469620365,-32.778966890761346,0.6677189015289563,122.88999064679709,0.06030077236955633,0,0
1,0.372,168.4947350610293,-32.76921432933998,0.6692722207639015,122.77058715564542,0.061840135669002816,0,0
1,0.373,168.54813542585495,-32.759530622317925,0.6708251723252904,122.6512119275225,0.06337096314164503,0,0
1,0.374,168.60153579068066,-32.7499155967146,0.6723777591189887,122.53186473905475,0.06489323579636963,0,0
1,0.375,168.65493615550636,-32.740369081144,0.6739299840475917,122.41254536712002,0.06640693455998825,0,0
1,0.376,168.70833652033204,-32.73089090580304,0.6754818500104504,122.29325358884539,0.06791204027878517,0,0
1,0.377,168.7617368851577,-32.72148090245983,0.6770333599036924,122.17398918160585,0.06940853372007538,0,0
1,0.378,168.81513724998337,-32.71213890444228,0.6785845166202465,122.05475192302232,0.07089639557374805,0,0
1,0.379,168.86853761480904,-32.70286474662678,0.6801353230498659,121.93554159095976,0.07237560645373997,0,0
1,0.38,168.92193797963475,-32.69365826542707,0.6816857820791485,121.8163579635256,0.07384614689954216,0,0
1,0.381,168.9753383444604,-32.68451929878311,0.6832358965915618,121.69720081906807,0.07530799737767269,0,0
1,0.382,169.0287387092861,-32.675447686150335,0.6847856694674641,121.57806993617433,0.07676113828308972,0,0
1,0.383,169.08213907411175,-32.66644326848881,0.6863351035841285,121.45896509366861,0.0782055499406642,0,0
1,0.384,169.13553943893746,-32.65750588825259,0.6878842018157657,121.33988607061066,0.07964121260656642,0,0
1,0.385,169.18893980376313,-32.64863538937935,0.6894329670335441,121.22083264629411,0.08106810646965767,0,0
1,0.386,169.2423401685888,-32.63983161727997,0.6909814021056148,121.1018046002444,0.08248621165286729,0,0
1,0.387,169.2957405334145,-32.63109441882828,0.692529509897132,120.98280171221748,0.08389550821455405,0.000058843105335881773,0
1,0.388,169.34914089824017,-32.62242364235108,0.694077293270277,120.8638237621977,0.08529597614983753,0.00025724261293813555,0
1,0.389,169.40254126306584,-32.613819137618016,0.6956247550842813,120.74487053039633,0.08668759539192727,0.0005975476827702053,0
1,0.39,169.45594162789152,-32.605280755831956,0.6971718981954451,120.62594179724977,0.08807034581341933,0.00108189165853112,0
1,0.391,169.5093419927172,-32.5968083496191,0.6987187254571631,120.50703734341788,0.08944420722758473,0.0017126508360396642,0
1,0.392,169.5627423575429,-32.58840177301948,0.7002652397199449,120.38815694978229,0.09080915938964362,0.0024924677391564565,0
1,0.393,169.61614272236855,-32.58006088147748,0.7018114438314371,120.26930039744468,0.09216518199802204,0.003424277184719937,0
1,0.394,169.6695430871942,-32.57178553183246,0.7033573406364487,120.15046746772492,0.09351225469558644,0.004511335531794725,0
1,0.395,169.7229434520199,-32.56357558230959,0.7049029329769668,120.03165794215971,0.09485035707086142,0.005757253575759069,0
1,0.396,169.7763438168456,-32.555430892510664,0.7064482236921839,119.91287160250064,0.09617708892310017,0.007166033625634949,0
1,0.397,169.8297441816713,-32.54735132340514,0.7079932156185172,119.79410823071257,0.09747008723635031,0.008742111395803054,0
1,0.398,169.88314454649694,-32.53933673732128,0.7095379115896308,119.67536760897205,0.09872529687759823,0.01049040345446306,0
1,0.399,169.9365449113226,-32.531386997937354,0.71108231443646,119.55664951966537,0.09994449273968042,0.012401345484358561,0
1,0.4,169.9899452761483,-32.523501970272974,0.7126264269872292,119.43795374538723,0.10112940727098274,0.014298044004908306,0
1,0.401,170.043345640974,-32.515681520680566,0.7141702520674758,119.31928006893884,0.1022817308144699,0.016129604839207,0
1,0.402,170.09674600579964,-32.507925516836934,0.715713792500071,119.20062827332637,0.1034031119418124,0.01789821051564444,0
1,0.403,170.15014637062532,-32.500233827734924,0.7172570511052425,119.08199814175923,0.10449515778269247,0.0196059902743293,0
1,0.404,170.203546735451,-32.49260632367517,0.7188000307005963,118.96338945764829,0.10555943434930515,0.021255020912267053,0
1,0.405,170.2569471002767,-32.485042876258035,0.7203427341011361,118.84480200460455,0.1065974668561609,0.022847327604245127,0
1,0.406,170.31034746510235,-32.4775433583755,0.721885164119287,118.72623556643714,0.10761074003522486,0.024384884699992115,0
1,0.407,170.36374782992806,-32.4701076442034,0.7234273235649155,118.60768992715195,0.10860069844643094,0.025869616498009007,0
1,0.408,170.4171481947537,-32.46273560919345,0.7249692152453509,118.48916487094986,0.10956874678367101,0.027303397996806034,0
1,0.409,170.4705485595794,-32.45542713006564,0.7265108419654098,118.37066018222481,0.11051625017627398,0.028688055623772968,0
1,0.41,170.5239489244051,-32.44818208480057,0.7280522065274125,118.25217564556286,0.11144453448604308,0.03002536794236854,0
1,0.411,170.57734928923077,-32.441000352631974,0.7295933117312077,118.13371104573986,0.11235488659990756,0.03131706633796383,0
1,0.412,170.63074965405644,-32.43388181403928,0.7311341603741921,118.01526616772021,0.11324855471825424,0.03256483568281543,0
1,0.413,170.6841500188821,-32.426826350740306,0.7326747552513319,117.89684079665514,0.11412674863893058,0.03377031498062455,0
1,0.414,170.7375503837078,-32.41983384568397,0.7342150991551865,117.77843471788093,0.11499064003707038,0.03493509799101946,0
1,0.415,170.79095074853345,-32.41290418304329,0.7357551948759248,117.66004771691755,0.11584679400086229,0.03606073383439434,0
1,0.416,170.84435111335915,-32.40603724820818,0.7372950452013503,117.54167957946682,0.11670257257364258,0.037148727577534624,0
1,0.417,170.89775147818486,-32.39923292777865,0.7388346529169197,117.42333009141095,0.11755796348469816,0.038200540800262806,0
1,0.418,170.9511518430105,-32.392491109557845,0.740374020805765,117.30499903881096,0.11841292755043309,0.03921759214359044,0
1,0.419,171.00455220783616,-32.385811682545345,0.7419131516487156,117.1866862079047,0.11926742573127402,0.04020125783962536,0
1,0.42,171.05795257266186,-32.37919453693042,0.7434520482243163,117.0683913851057,0.12012141913156382,0.04115287222360142,0
1,0.421,171.11135293748754,-32.3726395640855,0.7449907133088511,116.95011435700138,0.12097486899945697,0.04207372822831301,0
1,0.422,171.16475330231324,-32.36614665655971,0.7465291496763614,116.83185491035135,0.12182773672683944,0.04296507786126025,0
1,0.423,171.2181536671389,-32.35971570807227,0.7480673600986678,116.71361283208617,0.12267998384921897,0.04382813266483532,0
1,0.424,171.27155403196457,-32.35334661350637,0.7496053473453943,116.59538790930499,0.12353157204564469,0.04466406415971935,0
1,0.425,171.32495439679025,-32.34703926890283,0.7511431141839823,116.565051,0.12375000127487068,0.04591769254578981,0
1,0.426,171.37835476161595,-32.34079357145391,0.7526806633797164,116.565051,0.12375000127487046,0.047202226886291276,0
1,0.427,171.4317551264416,-32.33460941949729,0.7542179976957434,116.565051,0.12375000127487001,0.048353583895201835,0
1,0.428,171.48515549126725,-32.32848671251003,0.755755119893092,116.565051,0.12375000127487046,0.04937535984270647,0
1,0.429,171.53855585609296,-32.32242535110263,0.7572920327306965,116.565051,0.12375000127486979,0.05027110756672215,0
1,0.43,171.59195622091866,-32.31642523701329,0.7588287389654136,116.565051,0.12375000127487135,0.05104433677374476,0
1,0.431,171.64535658574434,-32.31048627310201,0.7603652413520443,116.565051,0.12375000127487001,0.05169851433548889,0
1,0.432,171.69875695057002,-32.30460836334503,0.7619015426433554,116.565051,0.12375000127487112,0.05223706458127886,0
1,0.433,171.75215731539566,-32.298791412829154,0.7634376455900977,116.565051,0.12375000127487046,0.052663369586359865,0
1,0.434,171.80555768022134,-32.293035327746225,0.7649735529410306,116.565051,0.12375000127487157,0.05298076945605268,0
1,0.435,171.85895804504705,-32.28734001538772,0.7665092674429363,116.565051,0.12375000127487068,0.05319256260587779,0
1,0.436,171.9123584098727,-32.28170538413936,0.7680447918406457,116.565051,0.12375000127487112,0.05330200603766588,0
1,0.437,171.9657587746984,-32.276131343475754,0.7695801288770547,116.565051,0.12375000127487068,0.053312315611675265,0
1,0.438,172.01915913952405,-32.27061780395525,0.771115281293147,116.565051,0.12375000127487046,0.05322666631480244,0
1,0.439,172.07255950434975,-32.265164677214734,0.7726502518280145,116.565051,0.12375000127487201,0.05304819252488757,0
1,0.44,172.1259598691754,-32.25977187596457,0.7741850432188747,116.565051,0.12375000127487068,0.052779988271173695,0
1,0.441,172.1793602340011,-32.25443931398359,0.7757196582010938,116.565051,0.12375000127487112,0.05242510749095297,0
1,0.442,172.2327605988268,-32.249166906114105,0.7772540995082047,116.565051,0.12375000127487135,0.051986564282435976,0
1,0.443,172.28616096365246,-32.24395456825716,0.7787883698719281,116.565051,0.12375000127487024,0.051467333153906614,0
1,0.444,172.33956132847814,-32.238802217367606,0.7803224720221943,116.565051,0.12375000127487068,0.05087034926915335,0
1,0.445,172.39296169330382,-32.23370977144942,0.7818564086871591,116.565051,0.1237500012748709,0.05019850868925646,0
1,0.446,172.4463620581295,-32.2286771495511,0.7833901825932273,116.565051,0.12375000127487112,0.04945466861075398,0
1,0.447,172.4997624229552,-32.22370427176101,0.7849237964650712,116.565051,0.12375000127487135,0.0486416476002034,0
1,0.448,172.55316278778085,-32.218791059202836,0.7864572530256493,116.565051,0.12375000127487157,0.04776222582520395,0
1,0.449,172.6065631526065,-32.21393743403122,0.7879905549962315,116.565051,0.12375000127487024,0.04681914528189646,0
1,0.45,172.6599635174322,-32.20914331942731,0.7895237050964113,116.565051,0.12375000127487068,0.045815110018978755,0
1,0.451,172.7133638822579,-32.20440863959442,0.7910567060441319,116.565051,0.12375000127487112,0.044752786358246865,0
1,0.452,172.76676424708356,-32.19973331975382,0.792589560555702,116.565051,0.12375000127486979,0.04363480311176371,0
1,0.453,172.8201646119092,-32.1951172861405,0.7941222713458175,116.565051,0.12375000127487046,0.04246375179558659,0
1,0.454,172.8735649767349,-32.19056046599907,0.7956548411275828,116.565051,0.1237500012748709,0.04124218684016756,0
1,0.455,172.9269653415606,-32.1860627875797,0.797187272612527,116.565051,0.12375000127487024,0.03997262579743688,0
1,0.456,172.9803657063863,-32.181624180134044,0.7987195685106253,116.565051,0.12374886490236925,0.03865754954453959,0
1,0.457,173.03376607121194,-32.17724457391141,0.8002517315303188,116.565051,0.12370908357210597,0.037299402484378685,0
1,0.458,173.08716643603762,-32.1729239001548,0.8017837643785338,116.565051,0.1236141470677028,0.0359005927428635,0
1,0.459,173.1405668008633,-32.16866209109712,0.8033156697607037,116.565051,0.12346631597027358,0.03446349236296187,0
1,0.46,173.193967165689,-32.16445907995743,0.8048474503807835,116.565051,0.12326781666659103,0.03299043749560693,0
1,0.461,173.24736753051465,-32.16031480093722,0.8063791089412743,116.565051,0.12302084152750314,0.03148372858738058,0
1,0.462,173.30076789534036,-32.15622918921682,0.8079106481432403,116.565051,0.1227275490834061,0.029945630565151093,0
1,0.463,173.354168260166,-32.15220218095178,0.8094420706863281,116.565051,0.12239006419675347,0.02837837301755286,0
1,0.464,173.4075686249917,-32.148233713269384,0.8109733792687898,116.565051,0.1220104782316489,0.02678415037341053,0
1,0.465,173.46096898981736,-32.14432372426519,0.8125045765874973,116.565051,0.1215908492205453,0.025165122077138724,0
1,0.466,173.51436935464307,-32.14047215299962,0.8140356653379639,116.565051,0.12113320202806,0.02352341276106218,0
1,0.467,173.56776971946874,-32.13667893949459,0.8155666482143655,116.565051,0.12063952851195214,0.021861112414793826,0
1,0.468,173.62117008429442,-32.13294402473031,0.8170975279095566,116.565051,0.12011178768127229,0.02018027655162502,0
1,0.469,173.6745704491201,-32.12926735064194,0.8186283071150945,116.565051,0.11956738731636518,0.018482926371920616,0
1,0.47,173.72797081394575,-32.125648860116556,0.8201589885212529,116.565051,0.11903131464593608,0.0167710489236641,0
1,0.471,173.78137117877145,-32.122088496989925,0.8216895748170447,116.565051,0.11850385344199355,0.015046597260031547,0
1,0.472,173.83477154359716,-32.118586206043496,0.8232200686902409,116.565051,0.1179849955240031,0.013311490594116737,0
1,0.473,173.8881719084228,-32.115141933001375,0.8247504728273882,116.565051,0.117474732851095,0.011567614450765484,0
1,0.474,173.94157227324845,-32.11175562452741,0.8262807899138327,116.565051,0.11697305752161968,0.009816820815623295,0
1,0.475,173.99497263807416,-32.108427228222304,0.8278110226337331,116.565051,0.11647996177271436,0.008070368398731986,0
1,0.476,174.04837300289984,-32.105156692620696,0.8293411736700838,116.565051,0.11599543797988554,0.006478052760756192,0
1,0.477,174.10177336772554,-32.10194396718848,0.8308712457047329,116.565051,0.11551947865659384,0.00508407857953852,0
1,0.478,174.1551737325512,-32.09878900232002,0.8324012414184015,116.565051,0.11505207645385873,0.0038793225550373123,0
1,0.479,174.20857409737687,-32.09569174933549,0.8339311634907043,116.565051,0.1145932241598544,0.0028548355610542586,0
1,0.48,174.26197446220255,-32.092652160478224,0.8354610146001654,116.565051,0.11414291469951854,0.002001841946566607,0
1,0.481,174.31537482702825,-32.0896701889122,0.8369907974242403,116.565051,0.11370114113418017,0.0013117388513430583,0
1,0.482,174.3687751918539,-32.08674578871947,0.8385205146393342,116.565051,0.11326789666118442,0.0007760955356932442,0
1,0.483,174.42217555667958,-32.08387891489771,0.8400501689208194,116.565051,0.11284317461351634,0.00038665272429572184,0
1,0.484,174.47557592150525,-32.08106952335781,0.8415797629430585,116.565051,0.1124269684594581,0.0001353219640094494,0
1,0.485,174.52897628633096,-32.07831757092152,0.8431092993794186,116.565051,0.11201927180222793,0.000014184995562160907,0
1,0.486,174.5823766511566,-32.075623015319124,0.844638780902293,116.565051,0.11162007837965193,0,0
1,0.487,174.6357770159823,-32.07298581518719,0.8461682101831202,116.565051,0.11122938206381061,0,0
1,0.488,174.68917738080796,-32.07040593006635,0.8476975898924006,116.565051,0.11084717686072443,0,0
1,0.489,174.74257774563367,-32.06788332039913,0.8492269226997199,116.565051,0.11047345691002253,0,0
1,0.49,174.79597811045934,-32.0654179475279,0.8507562112737636,116.565051,0.11010821648465408,0,0
1,0.491,174.849378475285,-32.06300977369273,0.8522854582823374,116.565051,0.10975144999055608,0,0
1,0.492,174.9027788401107,-32.060658762029455,0.8538146663923866,116.565051,0.1094031519663674,0,0
1,0.493,174.95617920493635,-32.058364876567666,0.8553438382700143,116.565051,0.10906331708313921,0,0
1,0.494,175.00957956976205,-32.056128082228824,0.8568729765805028,116.565051,0.10873194014405163,0,0
1,0.495,175.0629799345877,-32.0539483448244,0.8584020839883276,116.565051,0.10840901608413889,0,0
1,0.496,175.1163802994134,-32.051825631054044,0.85993116315718,116.565051,0.1080945399700095,0,0
1,0.497,175.16978066423908,-32.04975990850384,0.8614602167499853,116.565051,0.10778850699960874,0,0
1,0.498,175.22318102906476,-32.047751145644575,0.8629892474289194,116.565051,0.10749091250194098,0,0
1,0.499,175.2765813938904,-32.045799311830066,0.8645182578554321,116.565051,0.10720175193682913,0,0
1,0.5,175.32998175871612,-32.04390437729561,0.8660472506902614,116.565051,0.10692102089468491,0,0
1,0.501,175.3833821235418,-32.042066313156276,0.8675762285934538,116.565051,0.1066487150962665,0,0
1,0.502,175.4367824883675,-32.040285091405515,0.8691051942243834,116.565051,0.10638483039245195,0,0
1,0.503,175.49018285319315,-32.03856068491363,0.8706341502417704,116.565051,0.10612936276402385,0,0
1,0.504,175.54358321801882,-32.03689306742629,0.8721630993037011,116.565051,0.10588230832145706,0,0
1,0.505,175.5969835828445,-32.035282213563264,0.8736920440676437,116.565051,0.10564366330470998,0,0
1,0.506,175.6503839476702,-32.033728098817,0.8752209871904694,116.565051,0.10541342408304155,0,0
1,0.507,175.70378431249586,-32.032230699551356,0.8767499313284697,116.565051,0.1051915871547977,0,0
1,0.508,175.7571846773215,-32.03078999300036,0.8782788791373757,116.565051,0.10497814914724213,0,0
1,0.509,175.8105850421472,-32.029405957267016,0.8798078332723787,116.565051,0.10477310681637686,0,0
1,0.51,175.86398540697292,-32.02807857132216,0.8813367963881443,116.565051,0.10457645704676821,0,0
1,0.511,175.9173857717986,-32.02680781500335,0.8828657711388347,116.565051,0.10438819685138911,0,0
1,0.512,175.97078613662424,-32.025593669013794,0.8843947601781258,116.565051,0.10420832337145569,0,0
1,0.513,176.02418650144992,-32.024436114921386,0.8859237661592264,116.565051,0.10403683387628293,0,0
1,0.514,176.0775868662756,-32.02333513515766,0.8874527917348973,116.565051,0.10387372576313947,0,0
1,0.515,176.1309872311013,-32.02229071301694,0.8889818395574683,116.565051,0.10371899655710592,0,0
1,0.516,176.18438759592695,-32.02130283265548,0.8905109122788577,116.565051,0.10357264391096299,0,0
1,0.517,176.23778796075266,-32.02037147909053,0.8920400125505911,116.565051,0.10343466560504577,0,0
1,0.518,176.2911883255783,-32.019496638199655,0.8935691430238188,116.565051,0.10330505954713765,0,0
1,0.519,176.344588690404,-32.01867829671994,0.8950983063493374,116.565051,0.10318382377236679,0,0
1,0.52,176.39798905522966,-32.01791644224739,0.8966275051776038,116.565051,0.10307095644309872,0,0
1,0.521,176.45138942005536,-32.0172110632361,0.8981567421587571,116.565051,0.10296645584883457,0,0
1,0.522,176.50478978488104,-32.016562148997835,0.8996860199426361,116.565051,0.1028703204061272,0,0
1,0.523,176.55819014970672,-32.01596968970137,0.9012153411787965,116.565051,0.102782548658503,0,0
1,0.524,176.6115905145324,-32.015433676372055,0.9027447085165337,116.565051,0.10270313927638286,0,0
1,0.525,176.66499087935807,-32.01495410089121,0.9042741246048951,116.565051,0.10263209105699866,0,0
1,0.526,176.71839124418375,-32.01453095599584,0.9058035920927034,116.565051,0.10256940292435024,0,0
1,0.527,176.77179160900945,-32.01416423527821,0.9073331136285729,116.565051,0.10251507392914805,0,0
1,0.528,176.8251919738351,-32.013853933185494,0.9088626918609279,116.565051,0.1024691032487457,0,0
1,0.529,176.87859233866075,-32.013600045019466,0.910392329438024,116.565051,0.10243149018711106,0,0
1,0.53,176.93199270348646,-32.01340256693637,0.9119220290079622,116.565051,0.10240223417480054,0,0
1,0.531,176.98539306831216,-32.013261495946516,0.9134517932187101,116.565051,0.1023813347688951,0,0
1,0.532,177.0387934331378,-32.01317682991432,0.9149816247181195,116.565051,0.10236879165301538,0,0
1,0.533,177.09219379796346,-32.013148567558126,0.9165115261539448,116.565051,0.10236460463728214,0,0
1,0.534,177.14559416278917,-32.01317670845008,0.9180415001738633,116.565051,0.1023687736583141,0,0
1,0.535,177.19899452761484,-32.01326125301617,0.9195715494254905,116.565051,0.10238129877921454,0,0
1,0.536,177.25239489244055,-32.01340220253624,0.9211016765564002,116.565051,0.1024021801895949,0,0
1,0.537,177.3057952572662,-32.013599559144076,0.9226318842141427,116.565051,0.10243141820557122,0,0
1,0.538,177.35919562209187,-32.01385332582744,0.9241621750462632,116.565051,0.10246901326977254,0,0
1,0.539,177.41259598691755,-32.014163506428325,0.9256925517003217,116.565051,0.10251496595138443,0,0
1,0.54,177.46599635174326,-32.01453010564307,0.9272230168239084,116.565051,0.10256927694616236,0,0
1,0.541,177.5193967165689,-32.01495312902268,0.928753573064664,116.565051,0.1026319470764756,0,0
1,0.542,177.5727970813946,-32.01543258297306,0.9302842230702979,116.565051,0.10270297729134858,0,0
1,0.543,177.62619744622026,-32.01596847475537,0.931814969488606,116.565051,0.10278236866650259,0,0
1,0.544,177.67959781104597,-32.0165608124864,0.9333458149674912,116.565051,0.1028701224044335,0,0
1,0.545,177.73299817587164,-32.017209605138966,0.9348767621549786,116.565051,0.10296623983444375,0,0
1,0.546,177.78639854069732,-32.0179148625425,0.9364078136992358,116.565051,0.10307072241274451,0,0
1,0.547,177.839798905523,-32.01867659538336,0.9379389722485915,116.565051,0.10318357172250137,0,0
1,0.548,177.89319927034865,-32.019494815205555,0.9394702404515511,116.565051,0.10330478947393917,0,0
1,0.549,177.94659963517435,-32.02036953441131,0.9410016209568218,116.565051,0.1034343775044193,0,0
1,0.55,178,-32.210355538978426,0.942533116413322,116.565051,0.12375000127487068,0.0460757939069818,0
1,0.551,178.01333333333335,-32.210355538978426,0.9429155279141338,116.565051,0.12375000127487068,0.0460757939069818,0
1,0.552,178.0266666666667,-32.210355538978426,0.9432979467877678,116.565051,0.12375000127487068,0.0460757939069818,0
1,0.553,178.04000000000002,-32.210355538978426,0.9436803730754637,116.565051,0.12375000127487068,0.0460757939069818,0
1,0.554,178.05333333333337,-32.210355538978426,0.9440628068184634,116.565051,0.12375000127487068,0.0460757939069818,0
1,0.555,178.0666666666667,-32.210355538978426,0.9444452480580111,116.565051,0.12375000127487068,0.0460757939069818,0
1,0.556,178.08,-32.210355538978426,0.9448276968353491,116.565051,0.12375000127487068,0.0460757939069818,0
1,0.557,178.0933333333334,-32.210355538978426,0.9452101531917233,116.565051,0.12375000127487068,0.0460757939069818,0
1,0.558,178.1066666666667,-32.210355538978426,0.9455926171683785,116.565051,0.12375000127487068,0.0460757939069818,0
1,0.559,178.12,-32.210355538978426,0.9459750888065626,116.565051,0.12375000127487068,0.0460757939069818,0
1,0.56,178.13333333333335,-32.210355538978426,0.9463575681475244,116.565051,0.12375000127487068,0.0460757939069818,0
1,0.561,178.1466666666667,-32.210355538978426,0.9467400552325123,116.565051,0.12375000127487068,0.0460757939069818,0
1,0.562,178.16000000000003,-32.210355538978426,0.9471225501027768,116.565051,0.12375000127487068,0.0460757939069818,0
1,0.563,178.17333333333335,-32.210355538978426,0.9475050527995711,116.565051,0.12375000127487068,0.0460757939069818,0
1,0.564,178.18666666666667,-32.210355538978426,0.9478875633641459,116.565051,0.12375000127487068,0.0460757939069818,0
1,0.565,178.20000000000002,-32.210355538978426,0.9482700818377569,116.565051,0.12375000127487068,0.0460757939069818,0
1,0.566,178.21333333333337,-32.210355538978426,0.9486526082616593,116.565051,0.12375000127487068,0.0460757939069818,0
1,0.567,178.2266666666667,-32.210355538978426,0.949035142677109,116.565051,0.12375000127487068,0.0460757939069818,0
1,0.568,178.24000000000004,-32.210355538978426,0.9494176851253641,116.565051,0.12375000127487068,0.0460757939069818,0
1,0.569,178.25333333333336,-32.210355538978426,0.9498002356476847,116.565051,0.12375000127487068,0.0460757939069818,0
1,0.57,178.26666666666668,-32.210355538978426,0.9501827942853296,116.565051,0.12375000127487068,0.0460757939069818,0
1,0.571,178.28000000000003,-32.210355538978426,0.9505653610795624,116.565051,0.12375000127487068,0.0460757939069818,0
1,0.572,178.29333333333338,-32.210355538978426,0.9509479360716444,116.565051,0.12375000127487068,0.0460757939069818,0
1,0.573,178.30666666666667,-32.210355538978426,0.9513305193028413,116.565051,0.12375000127487068,0.0460757939069818,0
1,0.574,178.32000000000002,-32.210355538978426,0.9517131108144189,116.565051,0.12375000127487068,0.0460757939069818,0
1,0.575,178.33333333333334,-32.210355538978426,0.9520957106476436,116.565051,0.12375000127487068,0.0460757939069818,0
1,0.576,178.3466666666667,-32.210355538978426,0.9524783188437845,116.565051,0.12375000127487068,0.0460757939069818,0
1,0.577,178.36,-32.210355538978426,0.9528609354441127,116.565051,0.12375000127487068,0.0460757939069818,0
1,0.578,178.37333333333333,-32.210355538978426,0.9532435604898976,116.565051,0.12375000127487068,0.0460757939069818,0
1,0.579,178.38666666666666,-32.210355538978426,0.9536261940224133,116.565051,0.12375000127487068,0.0460757939069818,0
1,0.58,178.40000000000003,-32.210355538978426,0.9540088360829354,116.565051,0.12375000127487068,0.0460757939069818,0
1,0.581,178.41333333333336,-32.210355538978426,0.9543914867127379,116.565051,0.12375000127487068,0.0460757939069818,0
1,0.582,178.42666666666668,-32.210355538978426,0.954774145953099,116.565051,0.12375000127487068,0.0460757939069818,0
1,0.583,178.44000000000003,-32.210355538978426,0.9551568138452985,116.565051,0.12375000127487068,0.0460757939069818,0
1,0.584,178.45333333333335,-32.210355538978426,0.9555394904306158,116.565051,0.12375000127487068,0.0460757939069818,0
1,0.585,178.4666666666667,-32.210355538978426,0.9559221757503342,116.565051,0.12375000127487068,0.0460757939069818,0
1,0.586,178.48000000000005,-32.210355538978426,0.956304869845736,116.565051,0.12375000127487068,0.0460757939069818,0
1,0.587,178.49333333333334,-32.210355538978426,0.9566875727581071,116.565051,0.12375000127487068,0.0460757939069818,0
1,0.588,178.5066666666667,-32.210355538978426,0.9570702845287357,116.565051,0.12375000127487068,0.0460757939069818,0
1,0.589,178.52,-32.210355538978426,0.9574530051989083,116.565051,0.12375000127487068,0.0460757939069818,0
1,0.59,178.53333333333336,-32.210355538978426,0.9578357348099162,116.565051,0.12375000127487068,0.0460757939069818,0
1,0.591,178.54666666666668,-32.210355538978426,0.9582184734030522,116.565051,0.12375000127487068,0.0460757939069818,0
1,0.592,178.56,-32.210355538978426,0.9586012210196081,116.565051,0.12375000127487068,0.0460757939069818,0
1,0.593,178.57333333333332,-32.210355538978426,0.9589839777008802,116.565051,0.12375000127487068,0.0460757939069818,0
1,0.594,178.5866666666667,-32.210355538978426,0.9593667434881661,116.565051,0.12375000127487068,0.0460757939069818,0
1,0.595,178.60000000000002,-32.210355538978426,0.9597495184227636,116.565051,0.12375000127487068,0.0460757939069818,0
1,0.596,178.61333333333334,-32.210355538978426,0.9601323025459741,116.565051,0.12375000127487068,0.0460757939069818,0
1,0.597,178.6266666666667,-32.210355538978426,0.9605150958990991,116.565051,0.12375000127487068,0.0460757939069818,0
1,0.598,178.64000000000001,-32.210355538978426,0.9608978985234431,116.565051,0.12375000127487068,0.0460757939069818,0
1,0.599,178.65333333333336,-32.210355538978426,0.9612807104603132,116.565051,0.12375000127487068,0.0460757939069818,0
1,0.6,178.66666666666666,-32.210355538978426,0.9616635317510153,116.565051,0.12375000127487068,0.0460757939069818,0
1,0.601,178.67999999999998,-32.210355538978426,0.96204636243686,116.565051,0.12375000127487068,0.0460757939069818,0
1,0.602,178.69333333333336,-32.210355538978426,0.9624292025591595,116.565051,0.12375000127487068,0.0460757939069818,0
1,0.603,178.70666666666668,-32.210355538978426,0.962812052159226,116.565051,0.12375000127487068,0.0460757939069818,0
1,0.604,178.72,-32.210355538978426,0.9631949112783756,116.565051,0.12375000127487068,0.0460757939069818,0
1,0.605,178.73333333333335,-32.210355538978426,0.9635777799579262,116.565051,0.12375000127487068,0.0460757939069818,0
1,0.606,178.74666666666667,-32.210355538978426,0.9639606582391953,116.565051,0.12375000127487068,0.0460757939069818,0
1,0.607,178.76,-32.210355538978426,0.9643435461635055,116.565051,0.12375000127487068,0.0460757939069818,0
1,0.608,178.77333333333337,-32.210355538978426,0.96472644377218,116.565051,0.12375000127487068,0.0460757939069818,0
1,0.609,178.7866666666667,-32.210355538978426,0.9651093511065426,116.565051,0.12375000127487068,0.0460757939069818,0
1,0.61,178.8,-32.210355538978426,0.9654922682079226,116.565051,0.12375000127487068,0.0460757939069818,0
1,0.611,178.81333333333333,-32.210355538978426,0.965875195117647,116.565051,0.12375000127487068,0.0460757939069818,0
1,0.612,178.82666666666668,-32.210355538978426,0.966258131877048,116.565051,0.12375000127487068,0.0460757939069818,0
1,0.613,178.84000000000003,-32.210355538978426,0.96664107852746,116.565051,0.12375000127487068,0.0460757939069818,0
1,0.614,178.85333333333332,-32.210355538978426,0.9670240351102164,116.565051,0.12375000127487068,0.0460757939069818,0
1,0.615,178.86666666666665,-32.210355538978426,0.9674070016666563,116.565051,0.12375000127487068,0.0460757939069818,0
1,0.616,178.88000000000002,-32.210355538978426,0.967789978238119,116.565051,0.12375000127487068,0.0460757939069818,0
1,0.617,178.89333333333335,-32.210355538978426,0.9681729648659456,116.565051,0.12375000127487068,0.0460757939069818,0
1,0.618,178.90666666666667,-32.210355538978426,0.9685559615914807,116.565051,0.12375000127487068,0.0460757939069818,0
1,0.619,178.92000000000002,-32.210355538978426,0.9689389684560712,116.565051,0.12375000127487068,0.0460757939069818,0
1,0.62,178.93333333333334,-32.210355538978426,0.9693219855010635,116.565051,0.12375000127487068,0.0460757939069818,0
1,0.621,178.9466666666667,-32.210355538978426,0.9697050127678104,116.565051,0.12375000127487068,0.0460757939069818,0
1,0.622,178.96000000000004,-32.210355538978426,0.9700880502976623,116.565051,0.12375000127487068,0.0460757939069818,0
1,0.623,178.97333333333336,-32.210355538978426,0.9704710981319754,116.565051,0.12375000127487068,0.0460757939069818,0
1,0.624,178.98666666666668,-32.210355538978426,0.9708541563121081,116.565051,0.12375000127487068,0.0460757939069818,0
1,0.625,179,-32.210355538978426,0.9712372248794182,116.565051,0.12375000127487068,0.0460757939069818,0
1,0.626,179.01333333333335,-32.210355538978426,0.9716203038752679,116.565051,0.12375000127487068,0.0460757939069818,0
1,0.627,179.0266666666667,-32.210355538978426,0.9720033933410227,116.565051,0.12375000127487068,0.0460757939069818,0
1,0.628,179.04,-32.210355538978426,0.9723864933180473,116.565051,0.12375000127487068,0.0460757939069818,0
1,0.629,179.0533333333333,-32.210355538978426,0.9727696038477116,116.565051,0.12375000127487068,0.0460757939069818,0
1,0.63,179.0666666666667,-32.210355538978426,0.9731527249713874,116.565051,0.12375000127487068,0.0460757939069818,0
1,0.631,179.08,-32.210355538978426,0.9735358567304467,116.565051,0.12375000127487068,0.0460757939069818,0
1,0.632,179.09333333333333,-32.210355538978426,0.9739189991662677,116.565051,0.12375000127487068,0.0460757939069818,0
1,0.633,179.10666666666665,-32.210355538978426,0.9743021523202269,116.565051,0.12375000127487068,0.0460757939069818,0
1,0.634,179.12,-32.210355538978426,0.974685316233706,116.565051,0.12375000127487068,0.0460757939069818,0
1,0.635,179.13333333333335,-32.210355538978426,0.9750684909480893,116.565051,0.12375000127487068,0.0460757939069818,0
1,0.636,179.14666666666668,-32.210355538978426,0.9754516765047612,116.565051,0.12375000127487068,0.0460757939069818,0
1,0.637,179.16000000000003,-32.210355538978426,0.9758348729451106,116.565051,0.12375000127487068,0.0460757939069818,0
1,0.638,179.17333333333335,-32.210355538978426,0.9762180803105297,116.565051,0.12375000127487068,0.0460757939069818,0
1,0.639,179.18666666666667,-32.210355538978426,0.9766012986424097,116.565051,0.12375000127487068,0.0460757939069818,0
1,0.64,179.2,-32.210355538978426,0.9769845279821477,116.565051,0.12375000127487068,0.0460757939069818,0
1,0.641,179.21333333333337,-32.210355538978426,0.977367768371143,116.565051,0.12375000127487068,0.0460757939069818,0
1,0.642,179.22666666666666,-32.210355538978426,0.9777510198507953,116.565051,0.12375000127487068,0.0460757939069818,0
1,0.643,179.23999999999998,-32.210355538978426,0.9781342824625093,116.565051,0.12375000127487068,0.0460757939069818,0
1,0.644,179.25333333333336,-32.210355538978426,0.9785175562476914,116.565051,0.12375000127487068,0.0460757939069818,0
1,0.645,179.26666666666668,-32.210355538978426,0.9789008412477499,116.565051,0.12375000127487068,0.0460757939069818,0
1,0.646,179.28,-32.210355538978426,0.9792841375040975,116.565051,0.12375000127487068,0.0460757939069818,0
1,0.647,179.29333333333332,-32.210355538978426,0.9796674450581474,116.565051,0.12375000127487068,0.0460757939069818,0
1,0.648,179.30666666666667,-32.210355538978426,0.980050763951317,116.565051,0.12375000127487068,0.0460757939069818,0
1,0.649,179.32000000000002,-32.210355538978426,0.9804340942250273,116.565051,0.12375000127487068,0.0460757939069818,0
1,0.65,179.33333333333334,-32.210355538978426,0.9808174359206989,116.565051,0.12375000127487068,0.0460757939069818,0
1,0.651,179.3466666666667,-32.210355538978426,0.981200789079758,116.565051,0.12375000127487068,0.0460757939069818,0
1,0.652,179.36,-32.210355538978426,0.9815841537436333,116.565051,0.12375000127487068,0.0460757939069818,0
1,0.653,179.37333333333333,-32.210355538978426,0.9819675299537541,116.565051,0.12375000127487068,0.0460757939069818,0
1,0.654,179.38666666666666,-32.210355538978426,0.9823509177515547,116.565051,0.12375000127487068,0.0460757939069818,0
1,0.655,179.40000000000003,-32.210355538978426,0.9827343171784726,116.565051,0.12375000127487068,0.0460757939069818,0
1,0.656,179.41333333333333,-32.210355538978426,0.9831177282759452,116.565051,0.12375000127487068,0.0460757939069818,0
1,0.657,179.42666666666668,-32.210355538978426,0.9835011510854161,116.565051,0.12375000127487068,0.0460757939069818,0
1,0.658,179.44000000000003,-32.210355538978426,0.9838845856483293,116.565051,0.12375000127487068,0.0460757939069818,0
1,0.659,179.45333333333335,-32.210355538978426,0.9842680320061327,116.565051,0.12375000127487068,0.0460757939069818,0
1,0.66,179.46666666666667,-32.210355538978426,0.9846514902002785,116.565051,0.12375000127487068,0.0460757939069818,0
1,0.661,179.48,-32.210355538978426,0.9850349602722184,116.565051,0.12375000127487068,0.0460757939069818,0
1,0.662,179.4933333333333,-32.210355538978426,0.9854184422634104,116.565051,0.12375000127487068,0.0460757939069818,0
1,0.663,179.5066666666667,-32.210355538978426,0.9858019362153144,116.565051,0.12375000127487068,0.0460757939069818,0
1,0.664,179.52,-32.210355538978426,0.9861854421693921,116.565051,0.12375000127487068,0.0460757939069818,0
1,0.665,179.53333333333333,-32.210355538978426,0.9865689601671093,116.565051,0.12375000127487068,0.0460757939069818,0
1,0.666,179.54666666666668,-32.210355538978426,0.9869524902499351,116.565051,0.12375000127487068,0.0460757939069818,0
1,0.667,179.56,-32.210355538978426,0.9873360324593407,116.565051,0.12375000127487068,0.0460757939069818,0
1,0.668,179.57333333333332,-32.210355538978426,0.9877195868368012,116.565051,0.12375000127487068,0.0460757939069818,0
1,0.669,179.5866666666667,-32.210355538978426,0.9881031534237946,116.565051,0.12375000127487068,0.0460757939069818,0
1,0.67,179.6,-32.210355538978426,0.9884867322618012,116.565051,0.12375000127487068,0.0460757939069818,0
1,0.671,179.61333333333334,-32.210355538978426,0.9888703233923057,116.565051,0.12375000127487068,0.0460757939069818,0
1,0.672,179.62666666666667,-32.210355538978426,0.9892539268567943,116.565051,0.12375000127487068,0.0460757939069818,0
1,0.673,179.64000000000001,-32.210355538978426,0.9896375426967577,116.565051,0.12375000127487068,0.0460757939069818,0
1,0.674,179.65333333333334,-32.210355538978426,0.99002117095369,116.565051,0.12375000127487068,0.0460757939069818,0
1,0.675,179.66666666666666,-32.210355538978426,0.9904048116690869,116.565051,0.12375000127487068,0.0460757939069818,0
1,0.676,179.67999999999998,-32.210355538978426,0.9907884648844484,116.565051,0.12375000127487068,0.0460757939069818,0
1,0.677,179.69333333333336,-32.210355538978426,0.9911721306412787,116.565051,0.12375000127487068,0.0460757939069818,0
1,0.678,179.70666666666668,-32.210355538978426,0.991555808981082,116.565051,0.12375000127487068,0.0460757939069818,0
1,0.679,179.72,-32.210355538978426,0.991939499945369,116.565051,0.12375000127487068,0.0460757939069818,0
1,0.68,179.73333333333335,-32.210355538978426,0.9923232035756534,116.565051,0.12375000127487068,0.0460757939069818,0
1,0.681,179.74666666666667,-32.210355538978426,0.9927069199134495,116.565051,0.12375000127487068,0.0460757939069818,0
1,0.682,179.76000000000002,-32.210355538978426,0.9930906490002782,116.565051,0.12375000127487068,0.0460757939069818,0
1,0.683,179.77333333333337,-32.210355538978426,0.993474390877661,116.565051,0.12375000127487068,0.0460757939069818,0
1,0.684,179.78666666666666,-32.210355538978426,0.993858145587124,116.565051,0.12375000127487068,0.0460757939069818,0
1,0.685,179.8,-32.210355538978426,0.9942419131701977,116.565051,0.12375000127487068,0.0460757939069818,0
1,0.686,179.81333333333333,-32.210355538978426,0.9946256936684141,116.565051,0.12375000127487068,0.0460757939069818,0
1,0.687,179.82666666666668,-32.210355538978426,0.9950094871233093,116.565051,0.12375000127487068,0.0460757939069818,0
1,0.688,179.84,-32.210355538978426,0.9953932935764238,116.565051,0.12375000127487068,0.0460757939069818,0
1,0.689,179.85333333333332,-32.210355538978426,0.9957771130692994,116.565051,0.12375000127487068,0.0460757939069818,0
1,0.69,179.86666666666665,-32.210355538978426,0.9961609456434829,116.565051,0.12375000127487068,0.0460757939069818,0
1,0.691,179.88000000000002,-32.210355538978426,0.9965447913405254,116.565051,0.12375000127487068,0.0460757939069818,0
1,0.692,179.89333333333335,-32.210355538978426,0.9969286502019788,116.565051,0.12375000127487068,0.0460757939069818,0
1,0.693,179.90666666666667,-32.210355538978426,0.9973125222694007,116.565051,0.12375000127487068,0.0460757939069818,0
1,0.694,179.92,-32.210355538978426,0.9976964075843519,116.565051,0.12375000127487068,0.0460757939069818,0
1,0.695,179.93333333333334,-32.210355538978426,0.9980803061883956,116.565051,0.12375000127487068,0.0460757939069818,0
1,0.696,179.9466666666667,-32.210355538978426,0.9984642181231005,116.565051,0.12375000127487068,0.0460757939069818,0
1,0.697,179.95999999999998,-32.210355538978426,0.9988481434300364,116.565051,0.12375000127487068,0.0460757939069818,0
1,0.698,179.9733333333333,-32.210355538978426,0.9992320821507787,116.565051,0.12375000127487068,0.0460757939069818,0
1,0.699,179.98666666666668,-32.210355538978426,0.9996160343269064,116.565051,0.12375000127487068,0.0460757939069818,0
1,0.7,180,-32.210355538978426,0.9999999999999998,116.565051,0.12375000127487068,0.0460757939069818,0
1,0.701,180,-32.210355538978426,0.9999999999999998,116.565051,0.12375000127487068,0.0460757939069818,0
1,0.702,180,-32.210355538978426,0.9999999999999998,116.565051,0.12375000127487068,0.0460757939069818,0
1,0.703,180,-32.210355538978426,0.9999999999999998,116.565051,0.12375000127487068,0.0460757939069818,0
1,0.704,180,-32.210355538978426,0.9999999999999998,116.565051,0.12375000127487068,0.0460757939069818,0
1,0.705,180,-32.210355538978426,0.9999999999999998,116.565051,0.12375000127487068,0.0460757939069818,0
1,0.706,180,-32.210355538978426,0.9999999999999998,116.565051,0.12375000127487068,0.0460757939069818,0
1,0.707,180,-32.210355538978426,0.9999999999999998,116.565051,0.12375000127487068,0.0460757939069818,0
1,0.708,180,-32.210355538978426,0.9999999999999998,116.565051,0.12375000127487068,0.0460757939069818,0
1,0.709,180,-32.210355538978426,0.9999999999999998,116.565051,0.12375000127487068,0.0460757939069818,0
1,0.71,180,-32.210355538978426,0.9999999999999998,116.565051,0.12375000127487068,0.0460757939069818,0
1,0.711,180,-32.210355538978426,0.9999999999999998,116.565051,0.12375000127487068,0.0460757939069818,0
1,0.712,180,-32.210355538978426,0.9999999999999998,116.565051,0.12375000127487068,0.0460757939069818,0
1,0.713,180,-32.210355538978426,0.9999999999999998,116.565051,0.12375000127487068,0.0460757939069818,0
1,0.714,180,-32.210355538978426,0.9999999999999998,116.565051,0.12375000127487068,0.0460757939069818,0
1,0.715,180,-32.210355538978426,0.9999999999999998,116.565051,0.12375000127487068,0.0460757939069818,0
1,0.716,180,-32.210355538978426,0.9999999999999998,116.565051,0.12375000127487068,0.0460757939069818,0
1,0.717,180,-32.210355538978426,0.9999999999999998,116.565051,0.12375000127487068,0.0460757939069818,0
1,0.718,180,-32.210355538978426,0.9999999999999998,116.565051,0.12375000127487068,0.0460757939069818,0
1,0.719,180,-32.210355538978426,0.9999999999999998,116.565051,0.12375000127487068,0.0460757939069818,0
1,0.72,180,-32.210355538978426,0.9999999999999998,116.565051,0.12375000127487068,0.0460757939069818,0
1,0.721,180,-32.210355538978426,0.9999999999999998,116.565051,0.12375000127487068,0.0460757939069818,0
1,0.722,180,-32.210355538978426,0.9999999999999998,116.565051,0.12375000127487068,0.0460757939069818,0
1,0.723,180,-32.210355538978426,0.9999999999999998,116.565051,0.12375000127487068,0.0460757939069818,0
1,0.724,180,-32.210355538978426,0.9999999999999998,116.565051,0.12375000127487068,0.0460757939069818,0
1,0.725,180,-32.210355538978426,0.9999999999999998,116.565051,0.12375000127487068,0.0460757939069818,0
1,0.726,180,-32.210355538978426,0.9999999999999998,116.565051,0.12375000127487068,0.0460757939069818,0
1,0.727,180,-32.210355538978426,0.9999999999999998,116.565051,0.12375000127487068,0.0460757939069818,0
1,0.728,180,-32.210355538978426,0.9999999999999998,116.565051,0.12375000127487068,0.0460757939069818,0
1,0.729,180,-32.210355538978426,0.9999999999999998,116.565051,0.12375000127487068,0.0460757939069818,0
1,0.73,180,-32.210355538978426,0.9999999999999998,116.565051,0.12375000127487068,0.0460757939069818,0
1,0.731,180,-32.210355538978426,0.9999999999999998,116.565051,0.12375000127487068,0.0460757939069818,0
1,0.732,180,-32.210355538978426,0.9999999999999998,116.565051,0.12375000127487068,0.0460757939069818,0
1,0.733,180,-32.210355538978426,0.9999999999999998,116.565051,0.12375000127487068,0.0460757939069818,0
1,0.734,180,-32.210355538978426,0.9999999999999998,116.565051,0.12375000127487068,0.0460757939069818,0
1,0.735,180,-32.210355538978426,0.9999999999999998,116.565051,0.12375000127487068,0.0460757939069818,0
1,0.736,180,-32.210355538978426,0.9999999999999998,116.565051,0.12375000127487068,0.0460757939069818,0
1,0.737,180,-32.210355538978426,0.9999999999999998,116.565051,0.12375000127487068,0.0460757939069818,0
1,0.738,180,-32.210355538978426,0.9999999999999998,116.565051,0.12375000127487068,0.0460757939069818,0
1,0.739,180,-32.210355538978426,0.9999999999999998,116.565051,0.12375000127487068,0.0460757939069818,0
1,0.74,180,-32.210355538978426,0.9999999999999998,116.565051,0.12375000127487068,0.0460757939069818,0
1,0.741,180,-32.210355538978426,0.9999999999999998,116.565051,0.12375000127487068,0.0460757939069818,0
1,0.742,180,-32.210355538978426,0.9999999999999998,116.565051,0.12375000127487068,0.0460757939069818,0
1,0.743,180,-32.210355538978426,0.9999999999999998,116.565051,0.12375000127487068,0.0460757939069818,0
1,0.744,180,-32.210355538978426,0.9999999999999998,116.565051,0.12375000127487068,0.0460757939069818,0
1,0.745,180,-32.210355538978426,0.9999999999999998,116.565051,0.12375000127487068,0.0460757939069818,0
1,0.746,180,-32.210355538978426,0.9999999999999998,116.565051,0.12375000127487068,0.0460757939069818,0
1,0.747,180,-32.210355538978426,0.9999999999999998,116.565051,0.12375000127487068,0.0460757939069818,0
1,0.748,180,-32.210355538978426,0.9999999999999998,116.565051,0.12375000127487068,0.0460757939069818,0
1,0.749,180,-32.210355538978426,0.9999999999999998,116.565051,0.12375000127487068,0.0460757939069818,0
1,0.75,180,-32.210355538978426,0.9999999999999998,116.565051,0.12375000127487068,0.0460757939069818,0
1,0.751,180,-32.210355538978426,0.9999999999999998,116.565051,0.12375000127487068,0.0460757939069818,0
1,0.752,180,-32.210355538978426,0.9999999999999998,116.565051,0.12375000127487068,0.0460757939069818,0
1,0.753,180,-32.210355538978426,0.9999999999999998,116.565051,0.12375000127487068,0.0460757939069818,0
1,0.754,180,-32.210355538978426,0.9999999999999998,116.565051,0.12375000127487068,0.0460757939069818,0
1,0.755,180,-32.210355538978426,0.9999999999999998,116.565051,0.12375000127487068,0.0460757939069818,0
1,0.756,180,-32.210355538978426,0.9999999999999998,116.565051,0.12375000127487068,0.0460757939069818,0
1,0.757,180,-32.210355538978426,0.9999999999999998,116.565051,0.12375000127487068,0.0460757939069818,0
1,0.758,180,-32.210355538978426,0.9999999999999998,116.565051,0.12375000127487068,0.0460757939069818,0
1,0.759,180,-32.210355538978426,0.9999999999999998,116.565051,0.12375000127487068,0.0460757939069818,0
1,0.76,180,-32.210355538978426,0.9999999999999998,116.565051,0.12375000127487068,0.0460757939069818,0
1,0.761,180,-32.210355538978426,0.9999999999999998,116.565051,0.12375000127487068,0.0460757939069818,0
1,0.762,180,-32.210355538978426,0.9999999999999998,116.565051,0.12375000127487068,0.0460757939069818,0
1,0.763,180,-32.210355538978426,0.9999999999999998,116.565051,0.12375000127487068,0.0460757939069818,0
1,0.764,180,-32.210355538978426,0.9999999999999998,116.565051,0.12375000127487068,0.0460757939069818,0
1,0.765,180,-32.210355538978426,0.9999999999999998,116.565051,0.12375000127487068,0.0460757939069818,0
1,0.766,180,-32.210355538978426,0.9999999999999998,116.565051,0.12375000127487068,0.0460757939069818,0
1,0.767,180,-32.210355538978426,0.9999999999999998,116.565051,0.12375000127487068,0.0460757939069818,0
1,0.768,180,-32.210355538978426,0.9999999999999998,116.565051,0.12375000127487068,0.0460757939069818,0
1,0.769,180,-32.210355538978426,0.9999999999999998,116.565051,0.12375000127487068,0.0460757939069818,0
1,0.77,180,-32.210355538978426,0.9999999999999998,116.565051,0.12375000127487068,0.0460757939069818,0
1,0.771,180,-32.210355538978426,0.9999999999999998,116.565051,0.12375000127487068,0.0460757939069818,0
1,0.772,180,-32.210355538978426,0.9999999999999998,116.565051,0.12375000127487068,0.0460757939069818,0
1,0.773,180,-32.210355538978426,0.9999999999999998,116.565051,0.12375000127487068,0.0460757939069818,0
1,0.774,180,-32.210355538978426,0.9999999999999998,116.565051,0.12375000127487068,0.0460757939069818,0
1,0.775,180,-32.210355538978426,0.9999999999999998,116.565051,0.12375000127487068,0.0460757939069818,0
1,0.776,180,-32.210355538978426,0.9999999999999998,116.565051,0.12375000127487068,0.0460757939069818,0
1,0.777,180,-32.210355538978426,0.9999999999999998,116.565051,0.12375000127487068,0.0460757939069818,0
1,0.778,180,-32.210355538978426,0.9999999999999998,116.565051,0.12375000127487068,0.0460757939069818,0
1,0.779,180,-32.210355538978426,0.9999999999999998,116.565051,0.12375000127487068,0.0460757939069818,0
1,0.78,180,-32.210355538978426,0.9999999999999998,116.565051,0.12375000127487068,0.0460757939069818,0
1,0.781,180,-32.210355538978426,0.9999999999999998,116.565051,0.12375000127487068,0.0460757939069818,0
1,0.782,180,-32.210355538978426,0.9999999999999998,116.565051,0.12375000127487068,0.0460757939069818,0
1,0.783,180,-32.210355538978426,0.9999999999999998,116.565051,0.12375000127487068,0.0460757939069818,0
1,0.784,180,-32.210355538978426,0.9999999999999998,116.565051,0.12375000127487068,0.0460757939069818,0
1,0.785,180,-32.210355538978426,0.9999999999999998,116.565051,0.12375000127487068,0.0460757939069818,0
1,0.786,180,-32.210355538978426,0.9999999999999998,116.565051,0.12375000127487068,0.0460757939069818,0
1,0.787,180,-32.210355538978426,0.9999999999999998,116.565051,0.12375000127487068,0.0460757939069818,0
1,0.788,180,-32.210355538978426,0.9999999999999998,116.565051,0.12375000127487068,0.0460757939069818,0
1,0.789,180,-32.210355538978426,0.9999999999999998,116.565051,0.12375000127487068,0.0460757939069818,0
1,0.79,180,-32.210355538978426,0.9999999999999998,116.565051,0.12375000127487068,0.0460757939069818,0
1,0.791,180,-32.210355538978426,0.9999999999999998,116.565051,0.12375000127487068,0.0460757939069818,0
1,0.792,180,-32.210355538978426,0.9999999999999998,116.565051,0.12375000127487068,0.0460757939069818,0
1,0.793,180,-32.210355538978426,0.9999999999999998,116.565051,0.12375000127487068,0.0460757939069818,0
1,0.794,180,-32.210355538978426,0.9999999999999998,116.565051,0.12375000127487068,0.0460757939069818,0
1,0.795,180,-32.210355538978426,0.9999999999999998,116.565051,0.12375000127487068,0.0460757939069818,0
1,0.796,180,-32.210355538978426,0.9999999999999998,116.565051,0.12375000127487068,0.0460757939069818,0
1,0.797,180,-32.210355538978426,0.9999999999999998,116.565051,0.12375000127487068,0.0460757939069818,0
1,0.798,180,-32.210355538978426,0.9999999999999998,116.565051,0.12375000127487068,0.0460757939069818,0
1,0.799,180,-32.210355538978426,0.9999999999999998,116.565051,0.12375000127487068,0.0460757939069818,0
1,0.8,180,-32.210355538978426,0.9999999999999998,116.565051,0.12375000127487068,0.0460757939069818,0
1,0.801,179.61538461538464,-32.210355538978426,0.9889293385060768,116.565051,0.12375000127487068,0.0460757939069818,0
1,0.802,179.23076923076923,-32.210355538978426,0.9778689456206598,116.565051,0.12375000127487068,0.0460757939069818,0
1,0.803,178.84615384615384,-32.210355538978426,0.9668178264828019,116.565051,0.12375000127487068,0.0460757939069818,0
1,0.804,178.46153846153848,-32.210355538978426,0.9557749880526155,116.565051,0.12375000127487068,0.0460757939069818,0
1,0.805,178.0769230769231,-32.210355538978426,0.944739438754,116.565051,0.12375000127487068,0.0460757939069818,0
1,0.806,177.6923076923077,-32.210355538978426,0.9337101881179302,116.565051,0.12375000127487068,0.0460757939069818,0
1,0.807,177.30769230769232,-32.210355538978426,0.9226862464260535,116.565051,0.12375000127487068,0.0460757939069818,0
1,0.808,176.92307692307693,-32.210355538978426,0.9116666243543144,116.565051,0.12375000127487068,0.0460757939069818,0
1,0.809,176.53846153846152,-32.210355538978426,0.9006503326163251,116.565051,0.12375000127487068,0.0460757939069818,0
1,0.81,176.15384615384616,-32.210355538978426,0.8896363816062274,116.565051,0.12375000127487068,0.0460757939069818,0
1,0.811,175.76923076923077,-32.210355538978426,0.8786237810407466,116.565051,0.12375000127487068,0.0460757939069818,0
1,0.812,175.3846153846154,-32.210355538978426,0.8676115396001867,116.565051,0.12375000127487068,0.0460757939069818,0
1,0.813,175.00000000000003,-32.210355538978426,0.856598664568063,116.565051,0.12375000127487068,0.0460757939069818,0
1,0.814,174.61538461538464,-32.210355538978426,0.8455841614691106,116.565051,0.12375000127487068,0.0460757939069818,0
1,0.815,174.23076923076928,-32.210355538978426,0.834567033705378,116.565051,0.12375000127487068,0.0460757939069818,0
1,0.816,173.8461538461539,-32.210355538978426,0.8235462821901204,116.565051,0.12375000127487068,0.0460757939069818,0
1,0.817,173.4615384615385,-32.210355538978426,0.8125209049791972,116.565051,0.12375000127487068,0.0460757939069818,0
1,0.818,173.07692307692312,-32.210355538978426,0.8014898968996915,116.565051,0.12375000127487068,0.0460757939069818,0
1,0.819,172.69230769230774,-32.210355538978426,0.7904522491754515,116.565051,0.12375000127487068,0.0460757939069818,0
1,0.82,172.30769230769232,-32.210355538978426,0.7794069490492377,116.565051,0.12375000127487068,0.0460757939069818,0
1,0.821,171.92307692307696,-32.210355538978426,0.7683529794011934,116.565051,0.12375000127487068,0.0460757939069818,0
1,0.822,171.53846153846158,-32.210355538978426,0.7572893183633006,116.565051,0.12375000127487068,0.0460757939069818,0
1,0.823,171.1538461538462,-32.210355538978426,0.7462149389295234,116.85600825841131,0.1216535856956813,0.042636050904438116,0
1,0.824,170.76923076923083,-32.210355538978426,0.7351288085613041,117.70819796903102,0.11546189418250474,0.03039450446979286,0
1,0.825,170.38461538461542,-32.210355538978426,0.7240298887880761,118.56137079990926,0.10807693860012235,0.014865893665766183,0
1,0.826,170.00000000000003,-32.210355538978426,0.7129171348024699,119.41560706528188,0.09904090999015525,0,0
1,0.827,169.61538461538467,-32.210355538978426,0.701789495049848,120.27098759804669,0.08942041396271216,0,0
1,0.828,169.23076923076925,-32.210355538978426,0.6906459108118268,121.12759378177776,0.07988260703078298,0,0
1,0.829,168.84615384615387,-32.210355538978426,0.6794853157834176,121.98550758323088,0.07044430325030593,0,0
1,0.83,168.4615384615385,-32.210355538978426,0.668306635643407,122.84481158536815,0.06112272880312197,0,0
1,0.831,168.07692307692312,-32.210355538978426,0.6571087876176065,123.7055890209309,0.0522561007033997,0,0
1,0.832,167.6923076923077,-32.210355538978426,0.645890680034561,124.56792380659265,0.04718086781471298,0,0
1,0.833,167.30769230769235,-32.210355538978426,0.63465121187333,125.43190057772073,0.04595971766307483,0,0
1,0.834,166.92307692307696,-32.210355538978426,0.6233892723029026,126.29760472378165,0.04525331397142973,0,0
1,0.835,166.53846153846155,-32.210355538978426,0.612103740212837,127.16512242442072,0.04468454678718148,0,0
1,0.836,166.1538461538462,-32.210355538978426,0.6007934837346699,128.03454068625126,0.04364507257092742,0.00003169281265602564,0
1,0.837,165.7692307692308,-32.210355538978426,0.5894573597536358,128.90594738038868,0.039751250173164276,0.0012475675093166494,0
1,0.838,165.38461538461544,-32.210355538978426,0.5780942134102386,129.77943128076473,0.03485936816666202,0.0038997176626942576,0
1,0.839,165.00000000000006,-32.210355538978426,0.5667028775911694,130.65508210326033,0.03019589289360236,0.007578958527768798,0
1,0.84,164.61538461538464,-32.210355538978426,0.5552821724090814,131.53299054569547,0.025781478777216593,0.009101155431877617,0
1,0.841,164.23076923076928,-32.210355538978426,0.5438309046706956,132.4132483287159,0.021637211569319303,0.006390710393576526,0
1,0.842,163.84615384615387,-32.210355538978426,0.5323478673326891,133.29594823761866,0.017784611315377008,0.001092343025357767,0
1,0.843,163.46153846153848,-32.210355538978426,0.5208318389448245,134.1811841651589,0.014245635187168482,0,0
1,0.844,163.0769230769231,-32.210355538978426,0.5092815830797204,135.06905115538336,0.011042680149662365,0,0
1,0.845,162.6923076923077,-32.210355538978426,0.4976958477486799,135.95964544853544,0.008198585426483218,0,0
1,0.846,162.30769230769235,-32.210355538978426,0.48607336480294566,136.8530645270808,0.005736634725869827,0,0
1,0.847,161.92307692307693,-32.210355538978426,0.47441284931972827,137.74940716290314,0.0036805581863978976,0,0
1,0.848,161.53846153846158,-32.210355538978426,0.4627129989723545,138.648773465721,0.0020545339989284095,0,0
1,0.849,161.1538461538462,-32.210355538978426,0.4509724933838128,139.55126493278064,0.0008831896582186527,0,0
1,0.85,160.7692307692308,-32.210355538978426,0.4391899934629961,140.4569844998788,0.00019160279438645844,0,0
1,0.851,160.38461538461542,-32.210355538978426,0.42736414072286194,141.36603659377596,0,0,0
1,0.852,160.00000000000003,-32.210355538978426,0.4154935565797447,142.2785271860578,0,0,0
1,0.853,159.61538461538464,-32.210355538978426,0.40357684163299484,143.19456384850955,0,0,0
1,0.854,159.23076923076925,-32.210355538978426,0.3916125749240842,144.11425581006833,0,0,0
1,0.855,158.84615384615387,-32.210355538978426,0.3795993131743124,145.03771401542056,0,0,0
1,0.856,158.46153846153848,-32.210355538978426,0.36753559000016256,145.9650511853177,0,0,0
1,0.857,158.0769230769231,-32.210355538978426,0.3554199151053704,146.89638187868152,0,0,0
1,0.858,157.69230769230774,-32.210355538978426,0.3432507734486728,147.83182255657943,0,0,0
1,0.859,157.30769230769232,-32.210355538978426,0.3310266243862105,148.77149164814767,0,0,0
1,0.86,156.92307692307693,-32.210355538978426,0.3187459007874782,149.71550961854842,0,0,0
1,0.861,156.53846153846158,-32.210355538978426,0.30640700812366983,150.66399903904832,0,0,0
1,0.862,156.1538461538462,-32.210355538978426,0.2940083235272423,151.61708465930988,0,0,0
1,0.863,155.7692307692308,-32.210355538978426,0.2815481948214374,152.57489348199198,0,0,0
1,0.864,155.38461538461542,-32.210355538978426,0.26902493951844625,153.53755483976087,0,0,0
1,0.865,155.00000000000003,-32.210355538978426,0.2564368437848761,154.50520047481464,0,0,0
1,0.866,154.6153846153846,-32.210355538978426,0.24378216137305803,155,0,0,0
1,0.867,154.23076923076925,-32.210355538978426,0.23105911251673006,155,0,0,0
1,0.868,153.84615384615387,-32.210355538978426,0.21826588278950187,155,0,0,0
1,0.869,153.46153846153848,-32.210355538978426,0.20540062192448033,155,0,0,0
1,0.87,153.0769230769231,-32.210355538978426,0.19246144259333056,155,0,0,0
1,0.871,152.6923076923077,-32.210355538978426,0.17944641914295895,155,0,0,0
1,0.872,152.30769230769235,-32.210355538978426,0.16635358628795383,155,0,0,0
1,0.873,151.92307692307693,-32.210355538978426,0.15318093775677113,155,0,0,0
1,0.874,151.53846153846155,-32.210355538978426,0.1399264248896172,155,0,0,0
1,0.875,151.1538461538462,-32.210355538978426,0.12658795518581764,155,0,0,0
1,0.876,150.76923076923077,-32.210355538978426,0.11316339079840103,155,0,0,0
1,0.877,150.38461538461542,-32.210355538978426,0.09965054697348621,155,0,0,0
1,0.878,150.00000000000003,-32.210355538978426,0.08604719043193157,155,0,0,0
1,0.879,149.61538461538464,-32.210355538978426,0.0723510376906056,155,0,0,0
1,0.88,149.23076923076923,-32.210355538978426,0.058559753320479,155,0,0,0
1,0.881,148.84615384615387,-32.210355538978426,0.04467094813858731,155,0,0,0
1,0.882,148.46153846153848,-32.210355538978426,0.030682177330784613,155,0,0,0
1,0.883,148.0769230769231,-32.210355538978426,0.01659093850202621,155,0,0,0
1,0.884,147.6923076923077,-32.210355538978426,0.0023946696507595754,155,0,0,0
1,0.885,147.30769230769235,-32.210355538978426,0,155,0,0,0
1,0.886,146.92307692307693,-32.210355538978426,0,155,0,0,0
1,0.887,146.53846153846158,-32.210355538978426,0,155,0,0,0
1,0.888,146.1538461538462,-32.210355538978426,0,155,0,0,0
1,0.889,145.76923076923077,-32.210355538978426,0,155,0,0,0
1,0.89,145.3846153846154,-32.210355538978426,0,155,0,0,0
1,0.891,145.00000000000003,-32.210355538978426,0,155,0,0,0
1,0.892,144.61538461538464,-32.210355538978426,0,155,0,0,0
1,0.893,144.23076923076925,-32.210355538978426,0,155,0,0,0
1,0.894,143.84615384615387,-32.210355538978426,0,155,0,0,0
1,0.895,143.4615384615385,-32.210355538978426,0,155,0,0,0
1,0.896,143.0769230769231,-32.210355538978426,0,155,0,0,0
1,0.897,142.6923076923077,-32.210355538978426,0,155,0,0,0
1,0.898,142.30769230769232,-32.210355538978426,0,155,0,0,0
1,0.899,141.92307692307693,-32.210355538978426,0,155,0,0,0
1,0.9,141.53846153846155,-32.210355538978426,0,155,0,0,0
1,0.901,141.1538461538462,-32.210355538978426,0,155,0,0,0
1,0.902,140.7692307692308,-32.210355538978426,0,155,0,0,0
1,0.903,140.3846153846154,-32.210355538978426,0,155,0,0,0
1,0.904,140,-32.210355538978426,0,155,0,0,0
1,0.905,139.6153846153846,-32.210355538978426,0,155,0,0,0
1,0.906,139.23076923076925,-32.210355538978426,0,155,0,0,0
1,0.907,138.84615384615384,-32.210355538978426,0,155,0,0,0
1,0.908,138.46153846153848,-32.210355538978426,0,155,0,0,0
1,0.909,138.0769230769231,-32.210355538978426,0,155,0,0,0
1,0.91,137.69230769230768,-32.210355538978426,0,155,0,0,0
1,0.911,137.30769230769232,-32.210355538978426,0,155,0,0,0
1,0.912,136.92307692307693,-32.210355538978426,0,155,0,0,0
1,0.913,136.53846153846155,-32.210355538978426,0,155,0,0,0
1,0.914,136.15384615384616,-32.210355538978426,0,155,0,0,0
1,0.915,135.76923076923077,-32.210355538978426,0,155,0,0,0
1,0.916,135.38461538461542,-32.210355538978426,0,155,0,0,0
1,0.917,135,-32.210355538978426,0,155,0,0,0
1,0.918,134.6153846153846,-32.210355538978426,0,155,0,0,0
1,0.919,134.23076923076925,-32.210355538978426,0,155,0,0,0
1,0.92,133.84615384615384,-32.210355538978426,0,155,0,0,0
1,0.921,133.46153846153848,-32.210355538978426,0,155,0,0,0
1,0.922,133.0769230769231,-32.210355538978426,0,155,0,0,0
1,0.923,132.6923076923077,-32.210355538978426,0,155,0,0,0
1,0.924,132.3076923076923,-32.210355538978426,0,155,0,0,0
1,0.925,131.92307692307693,-32.210355538978426,0,155,0,0,0
1,0.926,131.53846153846155,-32.210355538978426,0,155,0,0,0
1,0.927,131.15384615384616,-32.210355538978426,0,155,0,0,0
1,0.928,130.76923076923077,-32.210355538978426,0,155,0,0,0
1,0.929,130.3846153846154,-32.210355538978426,0,155,0,0,0
1,0.93,130,-32.210355538978426,0,155,0,0,0
1,0.931,129.57142857142858,-32.221636174135874,0,155,0,0,0
1,0.932,129.14285714285714,-32.23291680929333,0,155,0,0,0
1,0.933,128.71428571428572,-32.244197444450776,0,155,0,0,0
1,0.934,128.28571428571428,-32.255478079608224,0,155,0,0,0
1,0.935,127.85714285714286,-32.26675871476568,0,155,0,0,0
1,0.936,127.42857142857143,-32.27803934992313,0,155,0,0,0
1,0.937,127.00000000000003,-32.28931998508058,0,155,0,0,0
1,0.938,126.57142857142863,-32.30060062023803,0,155,0,0,0
1,0.939,126.14285714285718,-32.311881255395484,0,155,0,0,0
1,0.94,125.7142857142858,-32.32316189055293,0,155,0,0,0
1,0.941,125.28571428571433,-32.33444252571038,0,155,0,0,0
1,0.942,124.8571428571429,-32.345723160867834,0,155,0,0,0
1,0.943,124.42857142857146,-32.35700379602529,0,155,0,0,0
1,0.944,124.00000000000006,-32.36828443118274,0,155,0,0,0
1,0.945,123.57142857142863,-32.37956506634019,0,155,0,0,0
1,0.946,123.1428571428572,-32.39084570149764,0,155,0,0,0
1,0.947,122.71428571428574,-32.402126336655094,0,155,0,0,0
1,0.948,122.2857142857143,-32.41340697181254,0,155,0,0,0
1,0.949,121.8571428571429,-32.42468760697,0,155,0,0,0
1,0.95,121.42857142857147,-32.435968242127444,0,155,0,0,0
1,0.951,121.00000000000003,-32.44724887728489,0,155,0,0,0
1,0.952,120.57142857142861,-32.45852951244235,0,155,0,0,0
1,0.953,120.14285714285718,-32.469810147599794,0,155,0,0,0
1,0.954,119.71428571428575,-32.48109078275725,0,155,0,0,0
1,0.955,119.28571428571432,-32.4923714179147,0,155,0,0,0
1,0.956,118.85714285714292,-32.50365205307215,0,155,0,0,0
1,0.957,118.42857142857149,-32.5149326882296,0,155,0,0,0
1,0.958,118.00000000000003,-32.52621332338705,0,155,0,0,0
1,0.959,117.57142857142858,-32.5374939585445,0,155,0,0,0
1,0.96,117.14285714285718,-32.54877459370196,0,155,0,0,0
1,0.961,116.71428571428577,-32.56005522885941,0,155,0,0,0
1,0.962,116.28571428571432,-32.57133586401686,0,155,0,0,0
1,0.963,115.85714285714289,-32.58261649917431,0,155,0,0,0
1,0.964,115.42857142857147,-32.59389713433176,0,155,0,0,0
1,0.965,115.00000000000003,-32.60517776948921,0,155,0,0,0
1,0.966,114.57142857142861,-32.616458404646664,0,155,0,0,0
1,0.967,114.14285714285718,-32.62773903980411,0,155,0,0,0
1,0.968,113.71428571428575,-32.63901967496157,0,155,0,0,0
1,0.969,113.28571428571432,-32.650300310119015,0,155,0,0,0
1,0.97,112.85714285714289,-32.66158094527646,0,155,0,0,0
1,0.971,112.42857142857146,-32.67286158043392,0,155,0,0,0
1,0.972,112.00000000000004,-32.684142215591365,0,155,0,0,0
1,0.973,111.57142857142861,-32.69542285074882,0,155,0,0,0
1,0.974,111.14285714285718,-32.70670348590627,0,155,0,0,0
1,0.975,110.71428571428575,-32.717984121063715,0,155,0,0,0
1,0.976,110.28571428571432,-32.72926475622117,0,155,0,0,0
1,0.977,109.85714285714289,-32.740545391378625,0,155,0,0,0
1,0.978,109.42857142857146,-32.75182602653608,0,155,0,0,0
1,0.979,109.00000000000003,-32.76310666169353,0,155,0,0,0
1,0.98,108.5714285714286,-32.774387296850975,0,155,0,0,0
1,0.981,108.14285714285717,-32.78566793200843,0,155,0,0,0
1,0.982,107.71428571428575,-32.79694856716588,0,155,0,0,0
1,0.983,107.28571428571433,-32.80822920232333,0,155,0,0,0
1,0.984,106.8571428571429,-32.81950983748078,0,155,0,0,0
1,0.985,106.42857142857144,-32.830790472638235,0,155,0,0,0
1,0.986,106.00000000000001,-32.84207110779568,0,155,0,0,0
1,0.987,105.57142857142858,-32.85335174295313,0,155,0,0,0
1,0.988,105.14285714285717,-32.864632378110585,0,155,0,0,0
1,0.989,104.71428571428574,-32.87591301326803,0,155,0,0,0
1,0.99,104.2857142857143,-32.88719364842549,0,155,0,0,0
1,0.991,103.85714285714289,-32.898474283582935,0,155,0,0,0
1,0.992,103.42857142857146,-32.90975491874039,0,155,0,0,0
1,0.993,103.00000000000003,-32.92103555389784,0,155,0,0,0
1,0.994,102.5714285714286,-32.93231618905529,0,155,0,0,0
1,0.995,102.14285714285717,-32.94359682421275,0,155,0,0,0
1,0.996,101.71428571428574,-32.954877459370195,0,155,0,0,0
1,0.997,101.2857142857143,-32.96615809452764,0,155,0,0,0
1,0.998,100.85714285714288,-32.9774387296851,0,155,0,0,0
1,0.999,100.42857142857146,-32.988719364842545,0,155,0,0,0
1,1,100.00000000000003,-33,0,155,0,0,0
3.6,0,100,-33,0,155,0,0,0
3.6,0.001,100,-33,0,155,0,0,0
3.6,0.002,100,-33,0,155,0,0,0
3.6,0.003,100,-33,0,155,0,0,0
3.6,0.004,100,-33,0,155,0,0,0
3.6,0.005,100,-33,0,155,0,0,0
3.6,0.006,100,-33,0,155,0,0,0
3.6,0.007,100,-33,0,155,0,0,0
3.6,0.008,100,-33,0,155,0,0,0
3.6,0.009,100,-33,0,155,0,0,0
3.6,0.01,100,-33,0,155,0,0,0
3.6,0.011,100,-33,0,155,0,0,0
3.6,0.012,100,-33,0,155,0,0,0
3.6,0.013,100,-33,0,155,0,0,0
3.6,0.014,100,-33,0,155,0,0,0
3.6,0.015,100,-33,0,155,0,0,0
3.6,0.016,100,-33,0,155,0,0,0
3.6,0.017,100,-33,0,155,0,0,0
3.6,0.018,100,-33,0,155,0,0,0
3.6,0.019,100,-33,0,155,0,0,0
3.6,0.02,100,-33,0,155,0,0,0
3.6,0.021,100,-33,0,155,0,0,0
3.6,0.022,100,-33,0,155,0,0,0
3.6,0.023,100,-33,0,155,0,0,0
3.6,0.024,100,-33,0,155,0,0,0
3.6,0.025,100,-33,0,155,0,0,0
3.6,0.026,100,-33,0,155,0,0,0
3.6,0.027,100,-33,0,155,0,0,0
3.6,0.028,100,-33,0,155,0,0,0
3.6,0.029,100,-33,0,155,0,0,0
3.6,0.03,100,-33,0,155,0,0,0
3.6,0.031,100,-33,0,155,0,0,0
3.6,0.032,100,-33,0,155,0,0,0
3.6,0.033,100,-33,0,155,0,0,0
3.6,0.034,100,-33,0,155,0,0,0
3.6,0.035,100,-33,0,155,0,0,0
3.6,0.036,100,-33,0,155,0,0,0
3.6,0.037,100,-33,0,155,0,0,0
3.6,0.038,100,-33,0,155,0,0,0
3.6,0.039,100,-33,0,155,0,0,0
3.6,0.04,100,-33,0,155,0,0,0
3.6,0.041,100,-33,0,155,0,0,0
3.6,0.042,100,-33,0,155,0,0,0
3.6,0.043,100,-33,0,155,0,0,0
3.6,0.044,100,-33,0,155,0,0,0
3.6,0.045,100,-33,0,155,0,0,0
3.6,0.046,100,-33,0,155,0,0,0
3.6,0.047,100,-33,0,155,0,0,0
3.6,0.048,100,-33,0,155,0,0,0
3.6,0.049,100,-33,0,155,0,0,0
3.6,0.05,100,-33,0,155,0,0,0
3.6,0.051,100,-33,0,155,0,0,0
3.6,0.052,100,-33,0,155,0,0,0
3.6,0.053,100,-33,0,155,0,0,0
3.6,0.054,100,-33,0,155,0,0,0
3.6,0.055,100,-33,0,155,0,0,0
3.6,0.056,100,-33,0,155,0,0,0
3.6,0.057,100,-33,0,155,0,0,0
3.6,0.058,100,-33,0,155,0,0,0
3.6,0.059,100,-33,0,155,0,0,0
3.6,0.06,100,-33,0,155,0,0,0
3.6,0.061,100,-33,0,155,0,0,0
3.6,0.062,100,-33,0,155,0,0,0
3.6,0.063,100,-33,0,155,0,0,0
3.6,0.064,100,-33,0,155,0,0,0
3.6,0.065,100,-33,0,155,0,0,0
3.6,0.066,100,-33,0,155,0,0,0
3.6,0.067,100,-33,0,155,0,0,0
3.6,0.068,100,-33,0,155,0,0,0
3.6,0.069,100,-33,0,155,0,0,0
3.6,0.07,100,-33,0,155,0,0,0
3.6,0.071,100,-33,0,155,0,0,0
3.6,0.072,100,-33,0,155,0,0,0
3.6,0.073,100,-33,0,155,0,0,0
3.6,0.074,100,-33,0,155,0,0,0
3.6,0.075,100,-33,0,155,0,0,0
3.6,0.076,100,-33,0,155,0,0,0
3.6,0.077,100,-33,0,155,0,0,0
3.6,0.078,100,-33,0,155,0,0,0
3.6,0.079,100,-33,0,155,0,0,0
3.6,0.08,100,-33,0,155,0,0,0
3.6,0.081,100,-33,0,155,0,0,0
3.6,0.082,100,-33,0,155,0,0,0
3.6,0.083,100,-33,0,155,0,0,0
3.6,0.084,100,-33,0,155,0,0,0
3.6,0.085,100,-33,0,155,0,0,0
3.6,0.086,100,-33,0,155,0,0,0
3.6,0.087,100,-33,0,155,0,0,0
3.6,0.088,100,-33,0,155,0,0,0
3.6,0.089,100,-33,0,155,0,0,0
3.6,0.09,100,-33,0,155,0,0,0
3.6,0.091,100,-33,0,155,0,0,0
3.6,0.092,100,-33,0,155,0,0,0
3.6,0.093,100,-33,0,155,0,0,0
3.6,0.094,100,-33,0,155,0,0,0
3.6,0.095,100,-33,0,155,0,0,0
3.6,0.096,100,-33,0,155,0,0,0
3.6,0.097,100,-33,0,155,0,0,0
3.6,0.098,100,-33,0,155,0,0,0
3.6,0.099,100,-33,0,155,0,0,0
3.6,0.1,100,-33,0,155,0,0,0
3.6,0.101,100.23776222448294,-33,0,155,0,0,0
3.6,0.102,100.47552444896586,-33,0,155,0,0,0
3.6,0.103,100.71328667344879,-33,0,155,0,0,0
3.6,0.104,100.95104889793171,-33,0,155,0,0,0
3.6,0.105,101.18881112241465,-33,0,155,0,0,0
3.6,0.106,101.42657334689757,-33,0,155,0,0,0
3.6,0.107,101.66433557138052,-33,0,155,0,0,0
3.6,0.108,101.90209779586345,-33,0,155,0,0,0
3.6,0.109,102.13986002034638,-33,0,155,0,0,0
3.6,0.11,102.37762224482931,-33,0,155,0,0,0
3.6,0.111,102.61538446931223,-33,0,155,0,0,0
3.6,0.112,102.85314669379517,-33,0,155,0,0,0
3.6,0.113,103.09090891827809,-33,0,155,0,0,0
3.6,0.114,103.32867114276102,-33,0,155,0,0,0
3.6,0.115,103.56643336724395,-33,0,155,0,0,0
3.6,0.116,103.8041955917269,-33,0,155,0,0,0
3.6,0.117,104.04195781620982,-33,0,155,0,0,0
3.6,0.118,104.27972004069275,-33,0,155,0,0,0
3.6,0.119,104.51748226517567,-33,0,155,0,0,0
3.6,0.12,104.75524448965861,-33,0,155,0,0,0
3.6,0.121,104.99300671414156,-33,0,155,0,0,0
3.6,0.122,105.23076893862448,-33,0,155,0,0,0
3.6,0.123,105.46853116310741,-33,0,155,0,0,0
3.6,0.124,105.70629338759034,-33,0,155,0,0,0
3.6,0.125,105.94405561207327,-33,0,155,0,0,0
3.6,0.126,106.18181783655619,-33,0,155,0,0,0
3.6,0.127,106.41958006103913,-33,0,155,0,0,0
3.6,0.128,106.65734228552206,-33,0,155,0,0,0
3.6,0.129,106.895104510005,-33,0,155,0,0,0
3.6,0.13,107.13286673448792,-33,0,155,0,0,0
3.6,0.131,107.37062895897085,-33,0,155,0,0,0
3.6,0.132,107.60839118345378,-33,0,155,0,0,0
3.6,0.133,107.84615340793671,-33,0,155,0,0,0
3.6,0.134,108.08391563241963,-33,0,155,0,0,0
3.6,0.135,108.32167785690257,-33,0,155,0,0,0
3.6,0.136,108.55944008138549,-33,0,155,0,0,0
3.6,0.137,108.79720230586842,-33,0,155,0,0,0
3.6,0.138,109.03496453035137,-33,0,155,0,0,0
3.6,0.139,109.2727267548343,-33,0,155,0,0,0
3.6,0.14,109.51048897931723,-33,0,155,0,0,0
3.6,0.141,109.74825120380015,-33,0,155,0,0,0
3.6,0.142,109.98601342828309,-33,0,155,0,0,0
3.6,0.143,110.22377565276601,-33,0,155,0,0,0
3.6,0.144,110.46153787724894,-33,0,155,0,0,0
3.6,0.145,110.69930010173186,-33,0,155,0,0,0
3.6,0.146,110.93706232621481,-33,0,155,0,0,0
3.6,0.147,111.17482455069775,-33,0,155,0,0,0
3.6,0.148,111.41258677518067,-33,0,155,0,0,0
3.6,0.149,111.6503489996636,-33,0,155,0,0,0
3.6,0.15,111.88811122414653,-33,0,155,0,0,0
3.6,0.151,112.12587344862948,-33,0,155,0,0,0
3.6,0.152,112.3636356731124,-33,0,155,0,0,0
3.6,0.153,112.60139789759533,-33,0,155,0,0,0
3.6,0.154,112.83916012207825,-33,0,155,0,0,0
3.6,0.155,113.07692234656119,-33,0,155,0,0,0
3.6,0.156,113.31468457104411,-33,0,155,0,0,0
3.6,0.157,113.55244679552705,-33,0,155,0,0,0
3.6,0.158,113.79020902000997,-33,0,155,0,0,0
3.6,0.159,114.0279712444929,-33,0,155,0,0,0
3.6,0.16,114.26573346897582,-33,0,155,0,0,0
3.6,0.161,114.50349569345876,-33,0,155,0,0,0
3.6,0.162,114.74125791794168,-33,0,155,0,0,0
3.6,0.163,114.97902014242462,-33,0,155,0,0,0
3.6,0.164,115.21678236690758,-33,0,155,0,0,0
3.6,0.165,115.4545445913905,-33,0,155,0,0,0
3.6,0.166,115.69230681587344,-33,0,155,0,0,0
3.6,0.167,115.93006904035636,-33,0,155,0,0,0
3.6,0.168,116.1678312648393,-33,0,155,0,0,0
3.6,0.169,116.40559348932221,-33,0,155,0,0,0
3.6,0.17,116.64335571380515,-33,0,155,0,0,0
3.6,0.171,116.88111793828807,-33,0,155,0,0,0
3.6,0.172,117.118880162771,-33,0,155,0,0,0
3.6,0.173,117.35664238725393,-33,0,155,0,0,0
3.6,0.174,117.59440461173686,-33,0,155,0,0,0
3.6,0.175,117.83216683621978,-33,0,155,0,0,0
3.6,0.176,118.06992906070272,-33,0,155,0,0,0
3.6,0.177,118.30769128518567,-33,0,155,0,0,0
3.6,0.178,118.54545350966859,-33,0,155,0,0,0
3.6,0.179,118.78321573415153,-33,0,155,0,0,0
3.6,0.18,119.02097795863445,-33,0,155,0,0,0
3.6,0.181,119.25874018311738,-33,0,155,0,0,0
3.6,0.182,119.4965024076003,-33,0,155,0,0,0
3.6,0.183,119.73426463208324,-33,0,155,0,0,0
3.6,0.184,119.97202685656616,-33,0,155,0,0,0
3.6,0.185,120.2097890810491,-33,0,155,0,0,0
3.6,0.186,120.44755130553202,-33,0,155,0,0,0
3.6,0.187,120.68531353001495,-33,0,155,0,0,0
3.6,0.188,120.92307575449787,-33,0,155,0,0,0
3.6,0.189,121.16083797898081,-33,0,155,0,0,0
3.6,0.19,121.39860020346377,-33,0,155,0,0,0
3.6,0.191,121.6363624279467,-33,0,155,0,0,0
3.6,0.192,121.87412465242963,-33,0,155,0,0,0
3.6,0.193,122.11188687691255,-33,0,155,0,0,0
3.6,0.194,122.34964910139549,-33,0,155,0,0,0
3.6,0.195,122.5874113258784,-33,0,155,0,0,0
3.6,0.196,122.82517355036134,-33,0,155,0,0,0
3.6,0.197,123.06293577484426,-33,0,155,0,0,0
3.6,0.198,123.3006979993272,-33,0,155,0,0,0
3.6,0.199,123.53846022381012,-33,0,155,0,0,0
3.6,0.2,123.77622244829305,-33,0,155,0,0,0
3.6,0.201,124.01398467277598,-33,0,155,0,0,0
3.6,0.202,124.25174689725893,-33,0,155,0,0,0
3.6,0.203,124.48950912174186,-33,0,155,0,0,0
3.6,0.204,124.72727134622478,-33,0,155,0,0,0
3.6,0.205,124.96503357070772,-33,0,155,0,0,0
3.6,0.206,125.20279579519064,-33,0,155,0,0,0
3.6,0.207,125.44055801967357,-33,0,155,0,0,0
3.6,0.208,125.6783202441565,-33,0,155,0,0,0
3.6,0.209,125.91608246863943,-33,0,155,0,0,0
3.6,0.21,126.15384469312235,-33,0,155,0,0,0
3.6,0.211,126.39160691760532,-33,0,155,0,0,0
3.6,0.212,126.62936914208825,-33,0,155,0,0,0
3.6,0.213,126.86713136657117,-33,0,155,0,0,0
3.6,0.214,127.10489359105411,-33,0,155,0,0,0
3.6,0.215,127.34265581553703,-33,0,155,0,0,0
3.6,0.216,127.58041804001996,-33,0,155,0,0,0
3.6,0.217,127.81818026450289,-33,0,155,0,0,0
3.6,0.218,128.0559424889858,-33,0,155,0,0,0
3.6,0.219,128.29370471346874,-33,0,155,0,0,0
3.6,0.22,128.53146693795168,-33,0,155,0,0,0
3.6,0.221,128.7692291624346,-33,0,155,0,0,0
3.6,0.222,129.00699138691752,-33,0,155,0,0,0
3.6,0.223,129.24475361140045,-33,0,155,0,0,0
3.6,0.224,129.4825158358834,-33,0,155,0,0,0
3.6,0.225,129.72027806036633,-33,0,155,0,0,0
3.6,0.226,129.95804028484923,-33,0,155,0,0,0
3.6,0.227,130.19580250933217,-33,0,155,0,0,0
3.6,0.228,130.4335647338151,-33,0,155,0,0,0
3.6,0.229,130.67132695829804,-33,0,155,0,0,0
3.6,0.23,130.90908918278097,-33,0,155,0,0,0
3.6,0.231,131.1468514072639,-33,0,155,0,0,0
3.6,0.232,131.38461363174684,-33,0,155,0,0,0
3.6,0.233,131.62237585622978,-33,0,155,0,0,0
3.6,0.234,131.86013808071272,-33,0,155,0,0,0
3.6,0.235,132.09790030519562,-33,0,155,0,0,0
3.6,0.236,132.33566252967853,-33,0,155,0,0,0
3.6,0.237,132.5734247541615,-33,0,155,0,0,0
3.6,0.238,132.81118697864443,-33,0,155,0,0,0
3.6,0.239,133.04894920312736,-33,0,155,0,0,0
3.6,0.24,133.2867114276103,-33,0,155,0,0,0
3.6,0.241,133.5244736520932,-33,0,155,0,0,0
3.6,0.242,133.76223587657614,-33,0,155,0,0,0
3.6,0.243,133.99999810105908,-33,0,155,0,0,0
3.6,0.244,134.237760325542,-33,0,155,0,0,0
3.6,0.245,134.47552255002492,-33,0,155,0,0,0
3.6,0.246,134.71328477450785,-33,0,155,0,0,0
3.6,0.247,134.9510469989908,-33,0,155,0,0,0
3.6,0.248,135.18880922347373,-33,0,155,0,0,0
3.6,0.249,135.42657144795663,-33,0,155,0,0,0
3.6,0.25,135.66433367243957,-33,0,155,0,0,0
3.6,0.251,135.90209589692253,-33,0,155,0,0,0
3.6,0.252,136.13985812140547,-33,0,155,0,0,0
3.6,0.253,136.3776203458884,-33,0,155,0,0,0
3.6,0.254,136.61538257037134,-33,0,155,0,0,0
3.6,0.255,136.85314479485424,-33,0,155,0,0,0
3.6,0.256,137.09090701933718,-33,0,155,0,0,0
3.6,0.257,137.32866924382012,-33,0,155,0,0,0
3.6,0.258,137.56643146830305,-33,0,155,0,0,0
3.6,0.259,137.80419369278596,-33,0,155,0,0,0
3.6,0.26,138.0419559172689,-33,0,155,0,0,0
3.6,0.261,138.27971814175183,-33,0,155,0,0,0
3.6,0.262,138.51748036623476,-33,0,155,0,0,0
3.6,0.263,138.7552425907177,-33,0,155,0,0,0
3.6,0.264,138.99300481520063,-33,0,155,0,0,0
3.6,0.265,139.23076703968354,-33,0,155,0,0,0
3.6,0.266,139.46852926416648,-33,0,155,0,0,0
3.6,0.267,139.7062914886494,-33,0,155,0,0,0
3.6,0.268,139.94405371313235,-33,0,155,0,0,0
3.6,0.269,140.18181593761526,-33,0,155,0,0,0
3.6,0.27,140.4195781620982,-33,0,155,0,0,0
3.6,0.271,140.65734038658113,-33,0,155,0,0,0
3.6,0.272,140.89510261106406,-33,0,155,0,0,0
3.6,0.273,141.13286483554697,-33,0,155,0,0,0
3.6,0.274,141.37062706002993,-33,0,155,0,0,0
3.6,0.275,141.60838928451287,-33,0,155,0,0,0
3.6,0.276,141.8461515089958,-33,0,155,0,0,0
3.6,0.277,142.08391373347874,-33,0,155,0,0,0
3.6,0.278,142.32167595796165,-33,0,155,0,0,0
3.6,0.279,142.55943818244458,-33,0,155,0,0,0
3.6,0.28,142.79720040692752,-33,0,155,0,0,0
3.6,0.281,143.03496263141045,-33,0,155,0,0,0
3.6,0.282,143.27272485589336,-33,0,155,0,0,0
3.6,0.283,143.5104870803763,-33,0,155,0,0,0
3.6,0.284,143.74824930485923,-33,0,155,0,0,0
3.6,0.285,143.98601152934216,-33,0,155,0,0,0
3.6,0.286,144.22377375382507,-33,0,155,0,0,0
3.6,0.287,144.461535978308,-33,0,155,0,0,0
3.6,0.288,144.69929820279097,-33,0,155,0,0,0
3.6,0.289,144.93706042727388,-33,0,155,0,0,0
3.6,0.29,145.1748226517568,-33,0,155,0,0,0
3.6,0.291,145.41258487623975,-33,0,155,0,0,0
3.6,0.292,145.65034710072268,-33,0,155,0,0,0
3.6,0.293,145.8881093252056,-33,0,155,0,0,0
3.6,0.294,146.12587154968853,-33,0,155,0,0,0
3.6,0.295,146.36363377417146,-33,0,155,0,0,0
3.6,0.296,146.6013959986544,-33,0,155,0,0,0
3.6,0.297,146.83915822313733,-33,0,155,0,0,0
3.6,0.298,147.07692044762027,-33,0,155,0,0,0
3.6,0.299,147.3146826721032,-33,0,155,0,0,0
3.6,0.3,147.55244489658614,-33,0,155,0,0,0
3.6,0.301,147.79020712106907,-33,0.00601827523218352,155,0,0,0
3.6,0.302,148.02796934555198,-33,0.014789929128666977,155,0,0,0
3.6,0.303,148.26573157003492,-33,0.023521320866270356,155,0,0,0
3.6,0.304,148.50349379451785,-33,0.03221306023052607,155,0,0,0
3.6,0.305,148.7412560190008,-33,0.04086574814836978,155,0,0,0
3.6,0.306,148.9790182434837,-33,0.04947997687595526,155,0,0,0
3.6,0.307,149.21678046796663,-33,0.0580563301820553,155,0,0,0
3.6,0.308,149.45454269244956,-33,0.06659538352717405,155,0,0,0
3.6,0.309,149.6923049169325,-33,0.0750977042384928,155,0,0,0
3.6,0.31,149.9300671414154,-33,0.08356385168076645,155,0,0,0
3.6,0.311,150.16782936589834,-33,0.09199437742328302,155,0,0,0
3.6,0.312,150.40559159038128,-33,0.10038982540299801,155,0,0,0
3.6,0.313,150.6433538148642,-33,0.1087507320839481,155,0,0,0
3.6,0.314,150.88111603934715,-33,0.11707762661305003,155,0,0,0
3.6,0.315,151.11887826383008,-33,0.12537103097238264,155,0,0,0
3.6,0.316,151.35664048831302,-33,0.1336314601280498,155,0,0,0
3.6,0.317,151.59440271279593,-33,0.14185942217571887,155,0,0,0
3.6,0.318,151.83216493727886,-33,0.1500554184829249,155,0,0,0
3.6,0.319,152.0699271617618,-33,0.15821994382822957,155,0,0,0
3.6,0.32,152.30768938624473,-33,0.1663534865373224,155,0,0,0
3.6,0.321,152.54545161072767,-33,0.17445652861613956,155,0,0,0
3.6,0.322,152.7832138352106,-33,0.18252954588109704,155,0,0,0
3.6,0.323,153.02097605969354,-33,0.19057300808649677,155,0,0,0
3.6,0.324,153.25873828417647,-33,0.19858737904919685,155,0,0,0
3.6,0.325,153.4965005086594,-33,0.20657311677061174,155,0,0,0
3.6,0.326,153.73426273314232,-33,0.21453067355611705,155,0,0,0
3.6,0.327,153.97202495762525,-33,0.22246049613192787,155,0,0,0
3.6,0.328,154.2097871821082,-33,0.23036302575951634,155,0,0,0
3.6,0.329,154.44754940659112,-33,0.2382386983476381,155,0,0,0
3.6,0.33,154.68531163107403,-33,0.2460879445620247,155,0,0,0
3.6,0.331,154.92307385555696,-33,0.25391118993281087,154.69934722880618,0,0,0
3.6,0.332,155.1608360800399,-33,0.26170885495975144,154.09994151354712,0,0,0
3.6,0.333,155.39859830452284,-33,0.2694813552152881,153.50247021169903,0,0,0
3.6,0.334,155.6363605290058,-33,0.2772291014455236,152.90690174925092,0,0,0
3.6,0.335,155.8741227534887,-33,0.28495249966915304,152.31320491558716,0,0,0
3.6,0.336,156.11188497797164,-33,0.2926519512744182,151.7213488560345,0,0,0
3.6,0.337,156.34964720245458,-33,0.30032785311411997,151.1313030645586,0,0,0
3.6,0.338,156.5874094269375,-33,0.3079805975987525,150.54303737660484,0,0,0
3.6,0.339,156.82517165142042,-33,0.31561057278780297,149.95652196208002,0,0,0
3.6,0.34,157.06293387590335,-33,0.32321816247926494,149.3717273184715,0,0,0
3.6,0.341,157.3006961003863,-33,0.33080374629741305,148.7886242641,0,0,0
3.6,0.342,157.53845832486923,-33,0.338367699778882,148.20718393150275,0,0,0
3.6,0.343,157.77622054935213,-33,0.3459103944570976,147.62737776094315,0,0,0
3.6,0.344,158.01398277383507,-33,0.3534321979450972,147.04917749404456,0,0,0
3.6,0.345,158.251744998318,-33,0.36093347401678694,146.4725551675439,0,0,0
3.6,0.346,158.48950722280094,-33,0.3684145826866722,145.89748310716294,0,0,0
3.6,0.347,158.72726944728385,-33,0.37587588028810104,145.32393392159346,0,0,0
3.6,0.348,158.96503167176678,-33,0.3833177195500627,144.75188049659408,0,0,0
3.6,0.349,159.20279389624972,-33,0.3907404496725727,144.1812959891952,0,0,0
3.6,0.35,159.44055612073265,-33,0.39814441640068604,143.61215382200976,0,0,0
3.6,0.351,159.533353340129,-32.96507842882362,0.40102912512723327,143.39040655644038,0,0,0
3.6,0.352,159.62615055952534,-32.9304722380308,0.40391104803847117,143.1688734362096,0,0,0
3.6,0.353,159.71894777892166,-32.89617866505769,0.40679020527510146,142.9475529131039,0,0,0
3.6,0.354,159.811744998318,-32.86219499467257,0.40966661690227696,142.7264434447169,0,0,0
3.6,0.355,159.90454221771432,-32.8285185579528,0.4125403029102261,142.50554349440185,0,0,0
3.6,0.356,159.99733943711067,-32.79514673129043,0.41541128321488247,142.2848515312229,0,0,0
3.6,0.357,160.090136656507,-32.76207693542619,0.4182795776585043,142.0643660299077,0,0,0
3.6,0.358,160.18293387590333,-32.72930663451026,0.4211452060102877,141.8440854708002,0,0,0
3.6,0.359,160.2757310952997,-32.69683333518955,0.4240081879669849,141.62400833981303,0,0,0
3.6,0.36,160.36852831469602,-32.66465458571996,0.42686854315350575,141.4041331283814,0,0,0
3.6,0.361,160.46132553409237,-32.632767975103306,0.42972629112352767,141.18445833341613,8.815030478892538e-7,0,0
3.6,0.362,160.5541227534887,-32.601171132247856,0.4325814513600927,140.96498245725772,0.000023481497751332014,0,0
3.6,0.363,160.64691997288503,-32.56986172515174,0.43543404327620117,140.74570400763082,0.00007633595522715808,0,0
3.6,0.364,160.73971719228138,-32.53883746010835,0.4382840862154091,140.52662149759828,0.0001590803921978079,0,0
3.6,0.365,160.8325144116777,-32.50809608093344,0.4411315994524093,140.30773344551645,0.0002713518511212598,0,0
3.6,0.366,160.92531163107404,-32.47763536821264,0.4439766021936213,140.08903837498974,0.0004127889006491081,0,0
3.6,0.367,161.01810885047038,-32.44745313856916,0.44681911357776866,139.87053481482647,0.0005830316359736187,0,0
3.6,0.368,161.1109060698667,-32.41754724395095,0.44965915267645296,139.65222129899462,0.0007817216790586556,0,0
3.6,0.369,161.20370328926307,-32.38791557093652,0.4524967384947315,139.43409636657728,0.0010085021787578086,0,0
3.6,0.37,161.2965005086594,-32.35855604005907,0.4553318899716794,139.21615856172977,0.001263017810824163,0,0
3.6,0.371,161.3892977280557,-32.32946660514825,0.4581646259809608,138.9984064336354,0.0015449147778170413,0,0
3.6,0.372,161.48209494745205,-32.300645252688874,0.46099496533138606,138.78083853646282,0.001853840808902829,0,0
3.6,0.373,161.5748921668484,-32.272090001196425,0.46382292676746856,138.56345342932323,0.0021894451595547704,0,0
3.6,0.374,161.66768938624475,-32.243798900608304,0.4666485289699831,138.34624967622736,0.002551378611160171,0,0
3.6,0.375,161.76048660564106,-32.21577003169091,0.46947179055650956,138.12922584604377,0.0029392934705265716,0,0
3.6,0.376,161.8532838250374,-32.1880015054616,0.47229273008198636,137.9123805124562,0.003352843569303099,0,0
3.6,0.377,161.94608104443375,-32.16049146262541,0.4751113660392501,137.69571225392218,0.0037916842633018977,0,0
3.6,0.378,162.03887826383007,-32.13323807302586,0.4779277168595735,137.47921965363173,0.004255472431744067,0,0
3.6,0.379,162.13167548322645,-32.10623953510955,0.4807418009132072,137.26290129946548,0.004743866476413894,0,0
3.6,0.38,162.22447270262276,-32.07949407540417,0.4835536365099058,137.04675578395447,0.005256526320730037,0,0
3.6,0.381,162.31726992201908,-32.05299994800933,0.4863632418994638,136.83078170423886,0.005793113408743222,0,0
3.6,0.382,162.41006714141542,-32.02675543410006,0.4891706352722385,136.61497766202783,0.006353290704050885,0,0
3.6,0.383,162.50286436081177,-32.00075884144259,0.49197583475967127,136.39934226355922,0.006936722688639652,0,0
3.6,0.384,162.59566158020812,-31.975008503921742,0.49477885843481195,136.18387411955953,0.007038459319538948,0,0
3.6,0.385,162.68845879960443,-31.949502781080096,0.4975797243128294,135.9685718452047,0.005780833899544868,0,0
3.6,0.386,162.78125601900078,-31.924240057668122,0.5003784503515312,135.75343406007974,0.003563391429041829,0,0
3.6,0.387,162.87405323839712,-31.89921874320541,0.5031750544518659,135.53845938814058,0.003008611566658548,0,0
3.6,0.388,162.96685045779344,-31.874437271552125,0.5059695544584379,135.32364645767447,0.004582045910717536,0,0
3.6,0.389,163.0596476771898,-31.849894100491,0.5087619681600064,135.10899390126104,0.0076025692938335165,0,0
3.6,0.39,163.1524448965861,-31.825587711319283,0.5115523132899852,134.8945003557348,0.010201239670472262,0,0
3.6,0.391,163.24524211598248,-31.801516608450036,0.5143406075269449,134.68016446214574,0.012049111259634593,0,0
3.6,0.392,163.3380393353788,-31.777679319023324,0.5171268684951025,134.46598486572205,0.013179460996656234,0,0
3.6,0.393,163.43083655477514,-31.754074392526206,0.5199111137648175,134.25196021583207,0.013977319461933257,0,0
3.6,0.394,163.5236337741715,-31.730700400421778,0.5226933608530784,134.03808916594667,0.01479484173244483,0.00001167737618557041,0
3.6,0.395,163.61643099356783,-31.707555935786853,0.5254736272239865,133.82437037360214,0.015631710396247556,0.00041121720298598063,0
3.6,0.396,163.70922821296415,-31.684639612958108,0.5282519302892443,133.61080250036264,0.016487609538908377,0.0013778388699825506,0
3.6,0.397,163.8020254323605,-31.661950067186343,0.5310282874086292,133.397384211784,0.01736222474151905,0.0029097117474190526,0
3.6,0.398,163.8948226517568,-31.639485954298785,0.5338027158904757,133.18411417737616,0.018255243078672656,0.004851274789296145,0
3.6,0.399,163.98761987115319,-31.61724595036911,0.5365752329921488,132.9709910705673,0.01916635311639725,0.006198660436442793,0
3.6,0.4,164.0804170905495,-31.595228751395126,0.539345855920512,132.75801356866756,0.020095244910039334,0.0068108595612430545,0
3.6,0.401,164.17321430994582,-31.57343307298364,0.5421146018324025,132.54518035283257,0.02104161000212601,0.006734307700591469,0
3.6,0.402,164.26601152934217,-31.5518576500427,0.5448814878350906,132.33249010802834,0.02200514142017429,0.006013157862359231,0
3.6,0.403,164.35880874873848,-31.53050123648061,0.5476465309867499,132.1199415229947,0.022985533674473313,0.0046904162589940235,0
3.6,0.404,164.45160596813486,-31.509362604911907,0.5504097482969144,131.90753329021052,0.023982482755831702,0.003245232489185179,0
3.6,0.405,164.54440318753117,-31.48844054636987,0.5531711567269357,131.69526410585843,0.02499568613328984,0.0020562596156739055,0
3.6,0.406,164.63720040692755,-31.467733870025462,0.5559307731904428,131.4831326697895,0.026024842751809274,0.0011303172468597467,0
3.6,0.407,164.72999762632386,-31.44724140291272,0.5586886145537908,131.27113768548875,0.02706965302991793,0.0004746153127901387,0
3.6,0.408,164.82279484572018,-31.42696198965998,0.5614446976365155,131.05927786004023,0.028129818857354216,0.0000967921241366021,0
3.6,0.409,164.91559206511653,-31.40689449222741,0.5641990392117797,130.84755190409248,0.0292050435926543,0,0
3.6,0.41,165.00838928451284,-31.38703778965009,0.5669516560068161,130.63595853182497,0.030295032060740246,0,0
3.6,0.411,165.1011865039092,-31.367390777786916,0.5697025647033761,130.42449646091308,0.03139949055047064,0,0
3.6,0.412,165.19398372330554,-31.347952369075024,0.5724517819381669,130.21316441249488,0.03251812681218125,0,0
3.6,0.413,165.28678094270188,-31.328721492289542,0.5751993243032884,130.00196111113726,0.033650650055194076,0,0
3.6,0.414,165.37957816209823,-31.30969709230869,0.5779452083466741,129.7908852848024,0.03479677094531497,0,0
3.6,0.415,165.47237538149457,-31.29087812988399,0.5806894505725188,129.57993566481443,0.03595620160231583,0,0
3.6,0.416,165.5651726008909,-31.272263581415455,0.5834320674417148,129.36911098582627,0.0371286555973982,0,0
3.6,0.417,165.6579698202872,-31.253852438731723,0.586173075372279,129.1584099857866,0.038313847950641744,0,0
3.6,0.418,165.75076703968355,-31.235643708874935,0.5889124907397771,128.94783140590738,0.03951149512844432,0,0
3.6,0.419,165.8435642590799,-31.217636413890222,0.5916503298777535,128.73737399063074,0.040721315040941564,0,0
3.6,0.42,165.93636147847624,-31.199829590619938,0.5943866090781467,128.527036487597,0.04194302703943231,0,0
3.6,0.421,166.02915869787256,-31.18222229050202,0.5971213445917157,128.31681764761197,0.043155262778701076,0,0
3.6,0.422,166.1219559172689,-31.16481357937298,0.5998545526284549,128.106716224615,0.044020079447133265,0,0
3.6,0.423,166.21475313666522,-31.14760253727499,0.6025862493580073,127.89673097564742,0.044438773433582046,0,0
3.6,0.424,166.3075503560616,-31.130588258267114,0.6053164509100838,127.68686066081985,0.04443548268068298,0,0
3.6,0.425,166.40034757545791,-31.113769850240583,0.6080451733748683,127.47710404328157,0.04404855539567332,0,0
3.6,0.426,166.49314479485423,-31.097146434738104,0.6107724328034322,127.26745988918832,0.043588038481996216,0,0
3.6,0.427,166.5859420142506,-31.080717146776916,0.6134982452081398,127.0579269676713,0.043169743267484906,0,0
3.6,0.428,166.67873923364692,-31.064481134675656,0.6162226265630509,126.8485040508062,0.04279326283962859,0,0
3.6,0.429,166.77153645304327,-31.04843755988498,0.6189455928043295,126.63918991358163,0.04245819371136128,0,0
3.6,0.43,166.86433367243959,-31.0325855968217,0.6216671598306388,126.42998333386912,0.042164135793387514,0,0
3.6,0.431,166.9571308918359,-31.016924432706457,0.6243873435035462,126.22088309239143,0.041910692367044255,0,0
3.6,0.432,167.04992811123228,-31.001453267404983,0.6271061596479174,126.01188797269285,0.04169747005767177,0,0
3.6,0.433,167.14272533062862,-30.986171313272482,0.6298236240523105,125.80299676110855,0.04153490349864519,0,0
3.6,0.434,167.23552255002497,-30.97107779500155,0.6325397524693749,125.5942082467339,0.0417051824464032,0,0
3.6,0.435,167.3283197694213,-30.956171949473216,0.6352545606162354,125.38552122139517,0.04231063140321778,0,0
3.6,0.436,167.42111698881763,-30.941453025611093,0.6379680641748888,125.17693447961884,0.04332185405027156,0,0
3.6,0.437,167.51391420821395,-30.926920284238754,0.640680278792589,124.96844681860212,0.04471031666906411,0,0
3.6,0.438,167.6067114276103,-30.912572997940032,0.6433912200822306,124.76005703818338,0.046448335782387495,0,0
3.6,0.439,167.69950864700664,-30.898410450922327,0.6461009036227384,124.55176394081225,0.04850906608425265,0,0
3.6,0.44,167.79230586640298,-30.884431938882777,0.6488093449594449,124.34356633152066,0.050721653713164505,0,0
3.6,0.441,167.8851030857993,-30.87063676887728,0.6515165596044747,124.1354630178931,0.05291389916604694,0,0
3.6,0.442,167.97790030519562,-30.85702425919237,0.6542225630371235,123.92745281003774,0.05508551563785091,0,0
3.6,0.443,168.07069752459196,-30.843593739219706,0.6569273707042308,123.71953452055759,0.057236361101622224,0,0
3.6,0.444,168.1634947439883,-30.83034454933332,0.659630998020562,123.51170696452121,0.059366293301627016,0,0
3.6,0.445,168.25629196338465,-30.817276040769404,0.6623334603691766,123.30396895943436,0.061475169768666627,0,0
3.6,0.446,168.34908918278097,-30.804387575508727,0.6650347731018059,123.09631932521103,0.06356284783501098,0,0
3.6,0.447,168.44188640217735,-30.791678526161554,0.6677349515392201,122.88875688414521,0.0656291846489847,0,0
3.6,0.448,168.53468362157366,-30.77914827585498,0.6704340109715969,122.68128046088246,0.06767403718924103,0,0
3.6,0.449,168.62748084097,-30.76679621812274,0.6731319666588927,122.4738888823915,0.06969726227869111,0,0
3.6,0.45,168.72027806036633,-30.754621756797366,0.6758288338312036,122.26658097793644,0.07169871659810356,0,0
3.6,0.451,168.81307527976264,-30.742624305904645,0.6785246276891351,122.05935557904822,0.07367825669942074,0,0
3.6,0.452,168.90587249915902,-30.730803289560356,0.6812193634041618,121.85221151949713,0.07563573901875076,0,0
3.6,0.453,168.99866971855533,-30.71915814186934,0.6839130561189869,121.6451476352652,0.07757101988904624,0,0
3.6,0.454,169.0914669379517,-30.70768830682656,0.686605720947908,121.43816276451784,0.07948395555252996,0,0
3.6,0.455,169.18426415734803,-30.696393238220576,0.689297372977168,121.23125574757712,0.08137440217278802,0,0
3.6,0.456,169.27706137674437,-30.685272399538892,0.6919880272653192,121.02442542689369,0.08324221584662883,0.000007352902590795907,0
3.6,0.457,169.3698585961407,-30.674325263875534,0.6946776988435744,120.81767064701968,0.08508725261563899,0.00009297948518316446,0
3.6,0.458,169.46265581553703,-30.66355131384061,0.697366402716161,120.61099025458178,0.08690936847748643,0.00027098267938363563,0
3.6,0.459,169.55545303493338,-30.65295004147183,0.7000541538606766,120.40438309825346,0.08870841939695162,0.0005367394072566256,0
3.6,0.46,169.64825025432972,-30.642520948148142,0.7027409672284365,120.19784802872876,0.0904842613167196,0.0008856605339309098,0
3.6,0.461,169.74104747372604,-30.632263544505076,0.7054268577448276,119.9913838986946,0.0922367501679131,0.0013132006518246087,0
3.6,0.462,169.83384469312236,-30.622177350352178,0.7081118403096522,119.78498956280472,0.09396574188038764,0.001814870623463527,0
3.6,0.463,169.9266419125187,-30.612261894592233,0.7107959297974813,119.57866387765243,0.09567109239277682,0.002386253647908898,0
3.6,0.464,170.01943913191505,-30.602516715142272,0.7134791410579955,119.37240570174428,0.09735265766231782,0.0030230258649512898,0
3.6,0.465,170.1122363513114,-30.592941358856518,0.7161614889163308,119.16621389547353,0.09901029367444325,0.0037209828549022994,0
3.6,0.466,170.20503357070774,-30.583535381450947,0.7188429881734243,118.96008732109365,0.10064385645215457,0.004476073872616837,0
3.6,0.467,170.2978307901041,-30.57429834742972,0.7215236536063531,118.75402484269227,0.10225320206516675,0.0052844463343411086,0
3.6,0.468,170.3906280095004,-30.565229830013244,0.7242034999686774,118.54802532616478,0.10383818663885469,0.006142504052885744,0
3.6,0.469,170.48342522889675,-30.556329411067964,0.726882541990781,118.34208763918795,0.10539866636297912,0.007046984140427259,0
3.6,0.47,170.57622244829307,-30.547596681037827,0.7295607943802052,118.13621065119466,0.106934497500218,0.007995059609265276,0
3.6,0.471,170.66901966768938,-30.539031238877328,0.7322382718219917,117.93039323334722,0.10844553639448518,0.00898447788783363,0
3.6,0.472,170.76181688708576,-30.530632691986227,0.7349149889790164,117.72463425851188,0.1099316394790657,0.009991777794814194,0
3.6,0.473,170.85461410648207,-30.522400656145827,0.7375909604923218,117.51893260123319,0.11139266328456165,0.010924471074488018,0
3.6,0.474,170.94741132587845,-30.514334755456762,0.7402662009814562,117.31328713770796,0.11282846444663241,0.011773138395146043,0
3.6,0.475,171.04020854527477,-30.506434622278423,0.7429407250448009,117.10769674576012,0.11423889971357859,0.012538429016310415,0
3.6,0.476,171.1330057646711,-30.498699897169875,0.7456145472599056,116.90216030481487,0.11562382595371279,0.013220712875943175,0
3.6,0.477,171.22580298406743,-30.49113022883213,0.748287682183819,116.69667669587342,0.11698310016259605,0.013820082186379645,0
3.6,0.478,171.31860020346375,-30.48372527405212,0.750960144353414,116.565051,0.1182178182298641,0.015458634535581162,0
3.6,0.479,171.41139742286012,-30.476484697647944,0.753631948285722,116.565051,0.11925218628760281,0.018904661447530335,0
3.6,0.48,171.50419464225644,-30.469408172415626,0.756303108478255,116.565051,0.12026261810465821,0.02211376138615173,0
3.6,0.481,171.59699186165278,-30.462495379077303,0.7589736394093359,116.565051,0.12117020433171954,0.025096989660025715,0
3.6,0.482,171.6897890810491,-30.455746006230697,0.7616435555384228,116.565051,0.12192460487388934,0.02786511822859694,0
3.6,0.483,171.78258630044544,-30.44915975030013,0.7643128713064302,116.565051,0.12253529918753259,0.030428638171641875,0
3.6,0.484,171.8753835198418,-30.442736315488748,0.7669816011360586,116.565051,0.12301151502877206,0.03279776208888929,0
3.6,0.485,171.96818073923814,-30.43647541373216,0.7696497594321098,116.565051,0.12336223056491957,0.034982426430654634,0
3.6,0.486,172.06097795863445,-30.43037676465341,0.7723173605818142,116.565051,0.12359617642429321,0.03699229376050295,0
3.6,0.487,172.15377517803083,-30.424440095519213,0.7749844189551497,116.565051,0.12372183768527578,0.038836754950820174,0
3.6,0.488,172.24657239742714,-30.418665141197533,0.7776509489051586,116.565051,0.12375000127487046,0.04052493131221335,0
3.6,0.489,172.33936961682346,-30.413051644116354,0.7803169647682707,116.565051,0.12375000127487135,0.04206567665759109,0
3.6,0.49,172.4321668362198,-30.407599354223883,0.7829824808646173,116.565051,0.12375000127487135,0.043467579301690096,0
3.6,0.491,172.52496405561612,-30.402308028949776,0.7856475114983513,116.565051,0.12375000127487024,0.04473896399699706,0
3.6,0.492,172.6177612750125,-30.39717743316779,0.7883120709579626,116.565051,0.12375000127487068,0.04588789380666136,0
3.6,0.493,172.71055849440882,-30.392207339159615,0.7909761735165906,116.565051,0.12375000127487046,0.04692217191526016,0
3.6,0.494,172.8033557138052,-30.387397526579743,0.7936398334323443,116.565051,0.12375000127487046,0.04784934337814395,0
3.6,0.495,172.8961529332015,-30.3827477824219,0.7963030649486098,116.565051,0.12375000127487001,0.04867669680993769,0
3.6,0.496,172.98895015259785,-30.378257900986267,0.7989658822943682,116.565051,0.12375000127487046,0.04941126601301815,0
3.6,0.497,173.08174737199417,-30.37392768384813,0.8016282996845064,116.565051,0.12375000127487157,0.050059831546494404,0
3.6,0.498,173.1745445913905,-30.369756939827614,0.8042903313201255,116.565051,0.12375000127487112,0.0506289222363685,0
3.6,0.499,173.26734181078686,-30.365745484960602,0.806951991388857,116.565051,0.12375000127487024,0.05112481662742274,0
3.6,0.5,173.36013903018318,-30.361893142470695,0.8096132940651666,116.565051,0.12375000127487001,0.05155354437748416,0
3.6,0.501,173.45293624957952,-30.358199742742496,0.8122742535106692,116.565051,0.12375000127486979,0.05192088759447655,0
3.6,0.502,173.54573346897584,-30.354665123295813,0.8149348838744344,116.565051,0.12375000127487024,0.05223238211694525,0
3.6,0.503,173.63853068837216,-30.351289128761167,0.817595199293293,116.565051,0.12375000127487024,0.05249331873839336,0
3.6,0.504,173.73132790776853,-30.348071610856213,0.820255213892149,116.565051,0.12375000127487112,0.05270874437603723,0
3.6,0.505,173.82412512716485,-30.345012428363436,0.8229149417842793,116.565051,0.12375000127487001,0.052883463184334234,0
3.6,0.506,173.9169223465612,-30.342111447108927,0.8255743970716466,116.565051,0.12375000127487046,0.05302203761377866,0
3.6,0.507,174.00971956595757,-30.339368539942036,0.8282335938452016,116.565051,0.12375000127487046,0.053128789415342714,0
3.6,0.508,174.10251678535388,-30.336783586716383,0.830892546185184,116.565051,0.12375000127487001,0.0532078005909602,0
3.6,0.509,174.1953140047502,-30.33435647427177,0.833551268161435,116.565051,0.12375000127487046,0.05326291429041663,0
3.6,0.51,174.28811122414655,-30.3320870964172,0.8362097738336914,116.565051,0.12375000127487112,0.05329773565498819,0
3.6,0.511,174.38090844354286,-30.329975353914985,0.838868077251896,116.565051,0.12375000127487135,0.05331563260815164,0
3.6,0.512,174.47370566293924,-30.32802115446585,0.841526192456497,116.565051,0.12375000127487046,0.05331973659369127,0
3.6,0.513,174.56650288233556,-30.326224412695215,0.8441841334787474,116.565051,0.12375000127487135,0.05331294326143343,0
3.6,0.514,174.65930010173193,-30.324585050140282,0.8468419143410113,116.565051,0.12375000127487046,0.053297913100933014,0
3.6,0.515,174.75209732112825,-30.323102995238447,0.8494995490570604,116.565051,0.12375000127487112,0.053277072023314886,0
3.6,0.516,174.84489454052456,-30.32177818331656,0.8521570516323766,116.565051,0.12375000127487112,0.053252611891487334,0
3.6,0.517,174.9376917599209,-30.320610556581276,0.8548144360644525,116.565051,0.12375000127487112,0.05322649099897392,0
3.6,0.518,175.03048897931723,-30.319600064110478,0.8574717163430868,116.565051,0.12375000127487046,0.053200434497483906,0
3.6,0.519,175.1232861987136,-30.318746661845626,0.8601289064506881,116.565051,0.1237500012748709,0.05317593477344107,0
3.6,0.52,175.21608341810992,-30.31805031258521,0.8627860203625687,116.565051,0.12375000127487157,0.05315425177357014,0
3.6,0.521,175.30888063750626,-30.317510985979293,0.865443072047247,116.565051,0.12375000127487068,0.05313641327970431,0
3.6,0.522,175.40167785690258,-30.317128658524847,0.8681000754667433,116.565051,0.12375000127487046,0.053123215132877766,0
3.6,0.523,175.4944750762989,-30.31690331356239,0.8707570445768742,116.565051,0.12375000127487046,0.05311522140682001,0
3.6,0.524,175.58727229569527,-30.316834941273402,0.8734139933275544,116.565051,0.12375000127487046,0.05311276453089753,0
3.6,0.525,175.6800695150916,-30.316923538678942,0.8760709356630885,116.565051,0.12375000127487046,0.05311594536258091,0
3.6,0.526,175.77286673448793,-30.317169109639188,0.8787278855224713,116.565051,0.12375000127487112,0.053124633209396865,0
3.6,0.527,175.86566395388428,-30.31757166485394,0.8813848568396802,116.565051,0.12375000127487068,0.05313846580047721,0
3.6,0.528,175.95846117328063,-30.318131221864338,0.8840418635439707,116.565051,0.12375000127486979,0.05315684920757846,0
3.6,0.529,176.05125839267694,-30.318847805055327,0.8866989195601751,116.565051,0.1237500012748709,0.05317895771563785,0
3.6,0.53,176.1440556120733,-30.319721445659457,0.8893560388089917,116.565051,0.12375000127487135,0.05320373364276887,0
3.6,0.531,176.23685283146963,-30.320752181761364,0.8920132352072855,116.565051,0.1237500012748709,0.05322988710962262,0
3.6,0.532,176.32965005086598,-30.321940058303543,0.8946705226683751,116.565051,0.12375000127487068,0.053255895758058,0
3.6,0.533,176.4224472702623,-30.323285127093026,0.8973279151023338,116.565051,0.12375000127487112,0.05328000441899494,0
3.6,0.534,176.51524448965867,-30.32478744680907,0.8999854264162797,116.565051,0.12375000127487024,0.05330022472932461,0
3.6,0.535,176.608041709055,-30.32644708301196,0.902643070514667,116.565051,0.12375000127487046,0.053314334697718735,0
3.6,0.536,176.7008389284513,-30.32826410815275,0.9053008612995838,116.565051,0.12375000127487112,0.05331987821922213,0
3.6,0.537,176.79363614784765,-30.330238601584085,0.9079588126710436,116.565051,0.12375000127487001,0.05331416453837523,0
3.6,0.538,176.88643336724397,-30.33237064957207,0.9106169385272739,116.565051,0.12375000127487046,0.05329426766070511,0
3.6,0.539,176.97923058664034,-30.334660345309164,0.9132752527650164,116.565051,0.12375000127487068,0.05325702571237767,0
3.6,0.54,177.07202780603666,-30.33710778892811,0.9159337692798116,116.565051,0.12375000127487024,0.05319904024767563,0
3.6,0.541,177.16482502543298,-30.339713087516948,0.9185925019662963,116.565051,0.12375000127487024,0.05311667550418786,0
3.6,0.542,177.25762224482932,-30.342476355135048,0.9212514647184954,116.565051,0.12375000127487112,0.053006057605260004,0
3.6,0.543,177.35041946422564,-30.345397712830238,0.9239106714301091,116.565051,0.1237500012748709,0.05286307370951926,0
3.6,0.544,177.443216683622,-30.348477288656962,0.9265701359948119,116.565051,0.12375000127487024,0.0526833711071093,0
3.6,0.545,177.53601390301833,-30.351715217695574,0.9292298723065369,116.565051,0.12375000127487001,0.0524623562622657,0
3.6,0.546,177.6288111224147,-30.35511164207265,0.9318898942597742,116.565051,0.12375000127487068,0.05219519380189741,0
3.6,0.547,177.72160834181102,-30.35866671098235,0.9345502157498564,116.565051,0.1237500012748709,0.05187680544976936,0
3.6,0.548,177.81440556120737,-30.362380580709072,0.9372108506732557,116.565051,0.12375000127487001,0.05150186890585862,0
3.6,0.549,177.90720278060368,-30.366253414650895,0.9398718129278716,116.565051,0.12375000127487046,0.05106481667050211,0
3.6,0.55,178,-30.562198974868036,0.942533116413322,116.565051,0.10700728954187455,0,0
3.6,0.551,178.01333333333335,-30.562198974868036,0.9429155279141338,116.565051,0.10700728954187455,0,0
3.6,0.552,178.0266666666667,-30.562198974868036,0.9432979467877678,116.565051,0.10700728954187455,0,0
3.6,0.553,178.04000000000002,-30.562198974868036,0.9436803730754637,116.565051,0.10700728954187455,0,0
3.6,0.554,178.05333333333337,-30.562198974868036,0.9440628068184634,116.565051,0.10700728954187455,0,0
3.6,0.555,178.0666666666667,-30.562198974868036,0.9444452480580111,116.565051,0.10700728954187455,0,0
3.6,0.556,178.08,-30.562198974868036,0.9448276968353491,116.565051,0.10700728954187455,0,0
3.6,0.557,178.0933333333334,-30.562198974868036,0.9452101531917233,116.565051,0.10700728954187455,0,0
3.6,0.558,178.1066666666667,-30.562198974868036,0.9455926171683785,116.565051,0.10700728954187455,0,0
3.6,0.559,178.12,-30.562198974868036,0.9459750888065626,116.565051,0.10700728954187455,0,0
3.6,0.56,178.13333333333335,-30.562198974868036,0.9463575681475244,116.565051,0.10700728954187455,0,0
3.6,0.561,178.1466666666667,-30.562198974868036,0.9467400552325123,116.565051,0.10700728954187455,0,0
3.6,0.562,178.16000000000003,-30.562198974868036,0.9471225501027768,116.565051,0.10700728954187455,0,0
3.6,0.563,178.17333333333335,-30.562198974868036,0.9475050527995711,116.565051,0.10700728954187455,0,0
3.6,0.564,178.18666666666667,-30.562198974868036,0.9478875633641459,116.565051,0.10700728954187455,0,0
3.6,0.565,178.20000000000002,-30.562198974868036,0.9482700818377569,116.565051,0.10700728954187455,0,0
3.6,0.566,178.21333333333337,-30.562198974868036,0.9486526082616593,116.565051,0.10700728954187455,0,0
3.6,0.567,178.2266666666667,-30.562198974868036,0.949035142677109,116.565051,0.10700728954187455,0,0
3.6,0.568,178.24000000000004,-30.562198974868036,0.9494176851253641,116.565051,0.10700728954187455,0,0
3.6,0.569,178.25333333333336,-30.562198974868036,0.9498002356476847,116.565051,0.10700728954187455,0,0
3.6,0.57,178.26666666666668,-30.562198974868036,0.9501827942853296,116.565051,0.10700728954187455,0,0
3.6,0.571,178.28000000000003,-30.562198974868036,0.9505653610795624,116.565051,0.10700728954187455,0,0
3.6,0.572,178.29333333333338,-30.562198974868036,0.9509479360716444,116.565051,0.10700728954187455,0,0
3.6,0.573,178.30666666666667,-30.562198974868036,0.9513305193028413,116.565051,0.10700728954187455,0,0
3.6,0.574,178.32000000000002,-30.562198974868036,0.9517131108144189,116.565051,0.10700728954187455,0,0
3.6,0.575,178.33333333333334,-30.562198974868036,0.9520957106476436,116.565051,0.10700728954187455,0,0
3.6,0.576,178.3466666666667,-30.562198974868036,0.9524783188437845,116.565051,0.10700728954187455,0,0
3.6,0.577,178.36,-30.562198974868036,0.9528609354441127,116.565051,0.10700728954187455,0,0
3.6,0.578,178.37333333333333,-30.562198974868036,0.9532435604898976,116.565051,0.10700728954187455,0,0
3.6,0.579,178.38666666666666,-30.562198974868036,0.9536261940224133,116.565051,0.10700728954187455,0,0
3.6,0.58,178.40000000000003,-30.562198974868036,0.9540088360829354,116.565051,0.10700728954187455,0,0
3.6,0.581,178.41333333333336,-30.562198974868036,0.9543914867127379,116.565051,0.10700728954187455,0,0
3.6,0.582,178.42666666666668,-30.562198974868036,0.954774145953099,116.565051,0.10700728954187455,0,0
3.6,0.583,178.44000000000003,-30.562198974868036,0.9551568138452985,116.565051,0.10700728954187455,0,0
3.6,0.584,178.45333333333335,-30.562198974868036,0.9555394904306158,116.565051,0.10700728954187455,0,0
3.6,0.585,178.4666666666667,-30.562198974868036,0.9559221757503342,116.565051,0.10700728954187455,0,0
3.6,0.586,178.48000000000005,-30.562198974868036,0.956304869845736,116.565051,0.10700728954187455,0,0
3.6,0.587,178.49333333333334,-30.562198974868036,0.9566875727581071,116.565051,0.10700728954187455,0,0
3.6,0.588,178.5066666666667,-30.562198974868036,0.9570702845287357,116.565051,0.10700728954187455,0,0
3.6,0.589,178.52,-30.562198974868036,0.9574530051989083,116.565051,0.10700728954187455,0,0
3.6,0.59,178.53333333333336,-30.562198974868036,0.9578357348099162,116.565051,0.10700728954187455,0,0
3.6,0.591,178.54666666666668,-30.562198974868036,0.9582184734030522,116.565051,0.10700728954187455,0,0
3.6,0.592,178.56,-30.562198974868036,0.9586012210196081,116.565051,0.10700728954187455,0,0
3.6,0.593,178.57333333333332,-30.562198974868036,0.9589839777008802,116.565051,0.10700728954187455,0,0
3.6,0.594,178.5866666666667,-30.562198974868036,0.9593667434881661,116.565051,0.10700728954187455,0,0
3.6,0.595,178.60000000000002,-30.562198974868036,0.9597495184227636,116.565051,0.10700728954187455,0,0
3.6,0.596,178.61333333333334,-30.562198974868036,0.9601323025459741,116.565051,0.10700728954187455,0,0
3.6,0.597,178.6266666666667,-30.562198974868036,0.9605150958990991,116.565051,0.10700728954187455,0,0
3.6,0.598,178.64000000000001,-30.562198974868036,0.9608978985234431,116.565051,0.10700728954187455,0,0
3.6,0.599,178.65333333333336,-30.562198974868036,0.9612807104603132,116.565051,0.10700728954187455,0,0
3.6,0.6,178.66666666666666,-30.562198974868036,0.9616635317510153,116.565051,0.10700728954187455,0,0
3.6,0.601,178.67999999999998,-30.562198974868036,0.96204636243686,116.565051,0.10700728954187455,0,0
3.6,0.602,178.69333333333336,-30.562198974868036,0.9624292025591595,116.565051,0.10700728954187455,0,0
3.6,0.603,178.70666666666668,-30.562198974868036,0.962812052159226,116.565051,0.10700728954187455,0,0
3.6,0.604,178.72,-30.562198974868036,0.9631949112783756,116.565051,0.10700728954187455,0,0
3.6,0.605,178.73333333333335,-30.562198974868036,0.9635777799579262,116.565051,0.10700728954187455,0,0
3.6,0.606,178.74666666666667,-30.562198974868036,0.9639606582391953,116.565051,0.10700728954187455,0,0
3.6,0.607,178.76,-30.562198974868036,0.9643435461635055,116.565051,0.10700728954187455,0,0
3.6,0.608,178.77333333333337,-30.562198974868036,0.96472644377218,116.565051,0.10700728954187455,0,0
3.6,0.609,178.7866666666667,-30.562198974868036,0.9651093511065426,116.565051,0.10700728954187455,0,0
3.6,0.61,178.8,-30.562198974868036,0.9654922682079226,116.565051,0.10700728954187455,0,0
3.6,0.611,178.81333333333333,-30.562198974868036,0.965875195117647,116.565051,0.10700728954187455,0,0
3.6,0.612,178.82666666666668,-30.562198974868036,0.966258131877048,116.565051,0.10700728954187455,0,0
3.6,0.613,178.84000000000003,-30.562198974868036,0.96664107852746,116.565051,0.10700728954187455,0,0
3.6,0.614,178.85333333333332,-30.562198974868036,0.9670240351102164,116.565051,0.10700728954187455,0,0
3.6,0.615,178.86666666666665,-30.562198974868036,0.9674070016666563,116.565051,0.10700728954187455,0,0
3.6,0.616,178.88000000000002,-30.562198974868036,0.967789978238119,116.565051,0.10700728954187455,0,0
3.6,0.617,178.89333333333335,-30.562198974868036,0.9681729648659456,116.565051,0.10700728954187455,0,0
3.6,0.618,178.90666666666667,-30.562198974868036,0.9685559615914807,116.565051,0.10700728954187455,0,0
3.6,0.619,178.92000000000002,-30.562198974868036,0.9689389684560712,116.565051,0.10700728954187455,0,0
3.6,0.62,178.93333333333334,-30.562198974868036,0.9693219855010635,116.565051,0.10700728954187455,0,0
3.6,0.621,178.9466666666667,-30.562198974868036,0.9697050127678104,116.565051,0.10700728954187455,0,0
3.6,0.622,178.96000000000004,-30.562198974868036,0.9700880502976623,116.565051,0.10700728954187455,0,0
3.6,0.623,178.97333333333336,-30.562198974868036,0.9704710981319754,116.565051,0.10700728954187455,0,0
3.6,0.624,178.98666666666668,-30.562198974868036,0.9708541563121081,116.565051,0.10700728954187455,0,0
3.6,0.625,179,-30.562198974868036,0.9712372248794182,116.565051,0.10700728954187455,0,0
3.6,0.626,179.01333333333335,-30.562198974868036,0.9716203038752679,116.565051,0.10700728954187455,0,0
3.6,0.627,179.0266666666667,-30.562198974868036,0.9720033933410227,116.565051,0.10700728954187455,0,0
3.6,0.628,179.04,-30.562198974868036,0.9723864933180473,116.565051,0.10700728954187455,0,0
3.6,0.629,179.0533333333333,-30.562198974868036,0.9727696038477116,116.565051,0.10700728954187455,0,0
3.6,0.63,179.0666666666667,-30.562198974868036,0.9731527249713874,116.565051,0.10700728954187455,0,0
3.6,0.631,179.08,-30.562198974868036,0.9735358567304467,116.565051,0.10700728954187455,0,0
3.6,0.632,179.09333333333333,-30.562198974868036,0.9739189991662677,116.565051,0.10700728954187455,0,0
3.6,0.633,179.10666666666665,-30.562198974868036,0.9743021523202269,116.565051,0.10700728954187455,0,0
3.6,0.634,179.12,-30.562198974868036,0.974685316233706,116.565051,0.10700728954187455,0,0
3.6,0.635,179.13333333333335,-30.562198974868036,0.9750684909480893,116.565051,0.10700728954187455,0,0
3.6,0.636,179.14666666666668,-30.562198974868036,0.9754516765047612,116.565051,0.10700728954187455,0,0
3.6,0.637,179.16000000000003,-30.562198974868036,0.9758348729451106,116.565051,0.10700728954187455,0,0
3.6,0.638,179.17333333333335,-30.562198974868036,0.9762180803105297,116.565051,0.10700728954187455,0,0
3.6,0.639,179.18666666666667,-30.562198974868036,0.9766012986424097,116.565051,0.10700728954187455,0,0
3.6,0.64,179.2,-30.562198974868036,0.9769845279821477,116.565051,0.10700728954187455,0,0
3.6,0.641,179.21333333333337,-30.562198974868036,0.977367768371143,116.565051,0.10700728954187455,0,0
3.6,0.642,179.22666666666666,-30.562198974868036,0.9777510198507953,116.565051,0.10700728954187455,0,0
3.6,0.643,179.23999999999998,-30.562198974868036,0.9781342824625093,116.565051,0.10700728954187455,0,0
3.6,0.644,179.25333333333336,-30.562198974868036,0.9785175562476914,116.565051,0.10700728954187455,0,0
3.6,0.645,179.26666666666668,-30.562198974868036,0.9789008412477499,116.565051,0.10700728954187455,0,0
3.6,0.646,179.28,-30.562198974868036,0.9792841375040975,116.565051,0.10700728954187455,0,0
3.6,0.647,179.29333333333332,-30.562198974868036,0.9796674450581474,116.565051,0.10700728954187455,0,0
3.6,0.648,179.30666666666667,-30.562198974868036,0.980050763951317,116.565051,0.10700728954187455,0,0
3.6,0.649,179.32000000000002,-30.562198974868036,0.9804340942250273,116.565051,0.10700728954187455,0,0
3.6,0.65,179.33333333333334,-30.562198974868036,0.9808174359206989,116.565051,0.10700728954187455,0,0
3.6,0.651,179.3466666666667,-30.562198974868036,0.981200789079758,116.565051,0.10700728954187455,0,0
3.6,0.652,179.36,-30.562198974868036,0.9815841537436333,116.565051,0.10700728954187455,0,0
3.6,0.653,179.37333333333333,-30.562198974868036,0.9819675299537541,116.565051,0.10700728954187455,0,0
3.6,0.654,179.38666666666666,-30.562198974868036,0.9823509177515547,116.565051,0.10700728954187455,0,0
3.6,0.655,179.40000000000003,-30.562198974868036,0.9827343171784726,116.565051,0.10700728954187455,0,0
3.6,0.656,179.41333333333333,-30.562198974868036,0.9831177282759452,116.565051,0.10700728954187455,0,0
3.6,0.657,179.42666666666668,-30.562198974868036,0.9835011510854161,116.565051,0.10700728954187455,0,0
3.6,0.658,179.44000000000003,-30.562198974868036,0.9838845856483293,116.565051,0.10700728954187455,0,0
3.6,0.659,179.45333333333335,-30.562198974868036,0.9842680320061327,116.565051,0.10700728954187455,0,0
3.6,0.66,179.46666666666667,-30.562198974868036,0.9846514902002785,116.565051,0.10700728954187455,0,0
3.6,0.661,179.48,-30.562198974868036,0.9850349602722184,116.565051,0.10700728954187455,0,0
3.6,0.662,179.4933333333333,-30.562198974868036,0.9854184422634104,116.565051,0.10700728954187455,0,0
3.6,0.663,179.5066666666667,-30.562198974868036,0.9858019362153144,116.565051,0.10700728954187455,0,0
3.6,0.664,179.52,-30.562198974868036,0.9861854421693921,116.565051,0.10700728954187455,0,0
3.6,0.665,179.53333333333333,-30.562198974868036,0.9865689601671093,116.565051,0.10700728954187455,0,0
3.6,0.666,179.54666666666668,-30.562198974868036,0.9869524902499351,116.565051,0.10700728954187455,0,0
3.6,0.667,179.56,-30.562198974868036,0.9873360324593407,116.565051,0.10700728954187455,0,0
3.6,0.668,179.57333333333332,-30.562198974868036,0.9877195868368012,116.565051,0.10700728954187455,0,0
3.6,0.669,179.5866666666667,-30.562198974868036,0.9881031534237946,116.565051,0.10700728954187455,0,0
3.6,0.67,179.6,-30.562198974868036,0.9884867322618012,116.565051,0.10700728954187455,0,0
3.6,0.671,179.61333333333334,-30.562198974868036,0.9888703233923057,116.565051,0.10700728954187455,0,0
3.6,0.672,179.62666666666667,-30.562198974868036,0.9892539268567943,116.565051,0.10700728954187455,0,0
3.6,0.673,179.64000000000001,-30.562198974868036,0.9896375426967577,116.565051,0.10700728954187455,0,0
3.6,0.674,179.65333333333334,-30.562198974868036,0.99002117095369,116.565051,0.10700728954187455,0,0
3.6,0.675,179.66666666666666,-30.562198974868036,0.9904048116690869,116.565051,0.10700728954187455,0,0
3.6,0.676,179.67999999999998,-30.562198974868036,0.9907884648844484,116.565051,0.10700728954187455,0,0
3.6,0.677,179.69333333333336,-30.562198974868036,0.9911721306412787,116.565051,0.10700728954187455,0,0
3.6,0.678,179.70666666666668,-30.562198974868036,0.991555808981082,116.565051,0.10700728954187455,0,0
3.6,0.679,179.72,-30.562198974868036,0.991939499945369,116.565051,0.10700728954187455,0,0
3.6,0.68,179.73333333333335,-30.562198974868036,0.9923232035756534,116.565051,0.10700728954187455,0,0
3.6,0.681,179.74666666666667,-30.562198974868036,0.9927069199134495,116.565051,0.10700728954187455,0,0
3.6,0.682,179.76000000000002,-30.562198974868036,0.9930906490002782,116.565051,0.10700728954187455,0,0
3.6,0.683,179.77333333333337,-30.562198974868036,0.993474390877661,116.565051,0.10700728954187455,0,0
3.6,0.684,179.78666666666666,-30.562198974868036,0.993858145587124,116.565051,0.10700728954187455,0,0
3.6,0.685,179.8,-30.562198974868036,0.9942419131701977,116.565051,0.10700728954187455,0,0
3.6,0.686,179.81333333333333,-30.562198974868036,0.9946256936684141,116.565051,0.10700728954187455,0,0
3.6,0.687,179.82666666666668,-30.562198974868036,0.9950094871233093,116.565051,0.10700728954187455,0,0
3.6,0.688,179.84,-30.562198974868036,0.9953932935764238,116.565051,0.10700728954187455,0,0
3.6,0.689,179.85333333333332,-30.562198974868036,0.9957771130692994,116.565051,0.10700728954187455,0,0
3.6,0.69,179.86666666666665,-30.562198974868036,0.9961609456434829,116.565051,0.10700728954187455,0,0
3.6,0.691,179.88000000000002,-30.562198974868036,0.9965447913405254,116.565051,0.10700728954187455,0,0
3.6,0.692,179.89333333333335,-30.562198974868036,0.9969286502019788,116.565051,0.10700728954187455,0,0
3.6,0.693,179.90666666666667,-30.562198974868036,0.9973125222694007,116.565051,0.10700728954187455,0,0
3.6,0.694,179.92,-30.562198974868036,0.9976964075843519,116.565051,0.10700728954187455,0,0
3.6,0.695,179.93333333333334,-30.562198974868036,0.9980803061883956,116.565051,0.10700728954187455,0,0
3.6,0.696,179.9466666666667,-30.562198974868036,0.9984642181231005,116.565051,0.10700728954187455,0,0
3.6,0.697,179.95999999999998,-30.562198974868036,0.9988481434300364,116.565051,0.10700728954187455,0,0
3.6,0.698,179.9733333333333,-30.562198974868036,0.9992320821507787,116.565051,0.10700728954187455,0,0
3.6,0.699,179.98666666666668,-30.562198974868036,0.9996160343269064,116.565051,0.10700728954187455,0,0
3.6,0.7,180,-30.562198974868036,0.9999999999999998,116.565051,0.10700728954187455,0,0
3.6,0.701,180,-30.562198974868036,0.9999999999999998,116.565051,0.10700728954187455,0,0
3.6,0.702,180,-30.562198974868036,0.9999999999999998,116.565051,0.10700728954187455,0,0
3.6,0.703,180,-30.562198974868036,0.9999999999999998,116.565051,0.10700728954187455,0,0
3.6,0.704,180,-30.562198974868036,0.9999999999999998,116.565051,0.10700728954187455,0,0
3.6,0.705,180,-30.562198974868036,0.9999999999999998,116.565051,0.10700728954187455,0,0
3.6,0.706,180,-30.562198974868036,0.9999999999999998,116.565051,0.10700728954187455,0,0
3.6,0.707,180,-30.562198974868036,0.9999999999999998,116.565051,0.10700728954187455,0,0
3.6,0.708,180,-30.562198974868036,0.9999999999999998,116.565051,0.10700728954187455,0,0
3.6,0.709,180,-30.562198974868036,0.9999999999999998,116.565051,0.10700728954187455,0,0
3.6,0.71,180,-30.562198974868036,0.9999999999999998,116.565051,0.10700728954187455,0,0
3.6,0.711,180,-30.562198974868036,0.9999999999999998,116.565051,0.10700728954187455,0,0
3.6,0.712,180,-30.562198974868036,0.9999999999999998,116.565051,0.10700728954187455,0,0
3.6,0.713,180,-30.562198974868036,0.9999999999999998,116.565051,0.10700728954187455,0,0
3.6,0.714,180,-30.562198974868036,0.9999999999999998,116.565051,0.10700728954187455,0,0
3.6,0.715,180,-30.562198974868036,0.9999999999999998,116.565051,0.10700728954187455,0,0
3.6,0.716,180,-30.562198974868036,0.9999999999999998,116.565051,0.10700728954187455,0,0
3.6,0.717,180,-30.562198974868036,0.9999999999999998,116.565051,0.10700728954187455,0,0
3.6,0.718,180,-30.562198974868036,0.9999999999999998,116.565051,0.10700728954187455,0,0
3.6,0.719,180,-30.562198974868036,0.9999999999999998,116.565051,0.10700728954187455,0,0
3.6,0.72,180,-30.562198974868036,0.9999999999999998,116.565051,0.10700728954187455,0,0
3.6,0.721,180,-30.562198974868036,0.9999999999999998,116.565051,0.10700728954187455,0,0
3.6,0.722,180,-30.562198974868036,0.9999999999999998,116.565051,0.10700728954187455,0,0
3.6,0.723,180,-30.562198974868036,0.9999999999999998,116.565051,0.10700728954187455,0,0
3.6,0.724,180,-30.562198974868036,0.9999999999999998,116.565051,0.10700728954187455,0,0
3.6,0.725,180,-30.562198974868036,0.9999999999999998,116.565051,0.10700728954187455,0,0
3.6,0.726,180,-30.562198974868036,0.9999999999999998,116.565051,0.10700728954187455,0,0
3.6,0.727,180,-30.562198974868036,0.9999999999999998,116.565051,0.10700728954187455,0,0
3.6,0.728,180,-30.562198974868036,0.9999999999999998,116.565051,0.10700728954187455,0,0
3.6,0.729,180,-30.562198974868036,0.9999999999999998,116.565051,0.10700728954187455,0,0
3.6,0.73,180,-30.562198974868036,0.9999999999999998,116.565051,0.10700728954187455,0,0
3.6,0.731,180,-30.562198974868036,0.9999999999999998,116.565051,0.10700728954187455,0,0
3.6,0.732,180,-30.562198974868036,0.9999999999999998,116.565051,0.10700728954187455,0,0
3.6,0.733,180,-30.562198974868036,0.9999999999999998,116.565051,0.10700728954187455,0,0
3.6,0.734,180,-30.562198974868036,0.9999999999999998,116.565051,0.10700728954187455,0,0
3.6,0.735,180,-30.562198974868036,0.9999999999999998,116.565051,0.10700728954187455,0,0
3.6,0.736,180,-30.562198974868036,0.9999999999999998,116.565051,0.10700728954187455,0,0
3.6,0.737,180,-30.562198974868036,0.9999999999999998,116.565051,0.10700728954187455,0,0
3.6,0.738,180,-30.562198974868036,0.9999999999999998,116.565051,0.10700728954187455,0,0
3.6,0.739,180,-30.562198974868036,0.9999999999999998,116.565051,0.10700728954187455,0,0
3.6,0.74,180,-30.562198974868036,0.9999999999999998,116.565051,0.10700728954187455,0,0
3.6,0.741,180,-30.562198974868036,0.9999999999999998,116.565051,0.10700728954187455,0,0
3.6,0.742,180,-30.562198974868036,0.9999999999999998,116.565051,0.10700728954187455,0,0
3.6,0.743,180,-30.562198974868036,0.9999999999999998,116.565051,0.10700728954187455,0,0
3.6,0.744,180,-30.562198974868036,0.9999999999999998,116.565051,0.10700728954187455,0,0
3.6,0.745,180,-30.562198974868036,0.9999999999999998,116.565051,0.10700728954187455,0,0
3.6,0.746,180,-30.562198974868036,0.9999999999999998,116.565051,0.10700728954187455,0,0
3.6,0.747,180,-30.562198974868036,0.9999999999999998,116.565051,0.10700728954187455,0,0
3.6,0.748,180,-30.562198974868036,0.9999999999999998,116.565051,0.10700728954187455,0,0
3.6,0.749,180,-30.562198974868036,0.9999999999999998,116.565051,0.10700728954187455,0,0
3.6,0.75,180,-30.562198974868036,0.9999999999999998,116.565051,0.10700728954187455,0,0
3.6,0.751,180,-30.562198974868036,0.9999999999999998,116.565051,0.10700728954187455,0,0
3.6,0.752,180,-30.562198974868036,0.9999999999999998,116.565051,0.10700728954187455,0,0
3.6,0.753,180,-30.562198974868036,0.9999999999999998,116.565051,0.10700728954187455,0,0
3.6,0.754,180,-30.562198974868036,0.9999999999999998,116.565051,0.10700728954187455,0,0
3.6,0.755,180,-30.562198974868036,0.9999999999999998,116.565051,0.10700728954187455,0,0
3.6,0.756,180,-30.562198974868036,0.9999999999999998,116.565051,0.10700728954187455,0,0
3.6,0.757,180,-30.562198974868036,0.9999999999999998,116.565051,0.10700728954187455,0,0
3.6,0.758,180,-30.562198974868036,0.9999999999999998,116.565051,0.10700728954187455,0,0
3.6,0.759,180,-30.562198974868036,0.9999999999999998,116.565051,0.10700728954187455,0,0
3.6,0.76,180,-30.562198974868036,0.9999999999999998,116.565051,0.10700728954187455,0,0
3.6,0.761,180,-30.562198974868036,0.9999999999999998,116.565051,0.10700728954187455,0,0
3.6,0.762,180,-30.562198974868036,0.9999999999999998,116.565051,0.10700728954187455,0,0
3.6,0.763,180,-30.562198974868036,0.9999999999999998,116.565051,0.10700728954187455,0,0
3.6,0.764,180,-30.562198974868036,0.9999999999999998,116.565051,0.10700728954187455,0,0
3.6,0.765,180,-30.562198974868036,0.9999999999999998,116.565051,0.10700728954187455,0,0
3.6,0.766,180,-30.562198974868036,0.9999999999999998,116.565051,0.10700728954187455,0,0
3.6,0.767,180,-30.562198974868036,0.9999999999999998,116.565051,0.10700728954187455,0,0
3.6,0.768,180,-30.562198974868036,0.9999999999999998,116.565051,0.10700728954187455,0,0
3.6,0.769,180,-30.562198974868036,0.9999999999999998,116.565051,0.10700728954187455,0,0
3.6,0.77,180,-30.562198974868036,0.9999999999999998,116.565051,0.10700728954187455,0,0
3.6,0.771,180,-30.562198974868036,0.9999999999999998,116.565051,0.10700728954187455,0,0
3.6,0.772,180,-30.562198974868036,0.9999999999999998,116.565051,0.10700728954187455,0,0
3.6,0.773,180,-30.562198974868036,0.9999999999999998,116.565051,0.10700728954187455,0,0
3.6,0.774,180,-30.562198974868036,0.9999999999999998,116.565051,0.10700728954187455,0,0
3.6,0.775,180,-30.562198974868036,0.9999999999999998,116.565051,0.10700728954187455,0,0
3.6,0.776,180,-30.562198974868036,0.9999999999999998,116.565051,0.10700728954187455,0,0
3.6,0.777,180,-30.562198974868036,0.9999999999999998,116.565051,0.10700728954187455,0,0
3.6,0.778,180,-30.562198974868036,0.9999999999999998,116.565051,0.10700728954187455,0,0
3.6,0.779,180,-30.562198974868036,0.9999999999999998,116.565051,0.10700728954187455,0,0
3.6,0.78,180,-30.562198974868036,0.9999999999999998,116.565051,0.10700728954187455,0,0
3.6,0.781,180,-30.562198974868036,0.9999999999999998,116.565051,0.10700728954187455,0,0
3.6,0.782,180,-30.562198974868036,0.9999999999999998,116.565051,0.10700728954187455,0,0
3.6,0.783,180,-30.562198974868036,0.9999999999999998,116.565051,0.10700728954187455,0,0
3.6,0.784,180,-30.562198974868036,0.9999999999999998,116.565051,0.10700728954187455,0,0
3.6,0.785,180,-30.562198974868036,0.9999999999999998,116.565051,0.10700728954187455,0,0
3.6,0.786,180,-30.562198974868036,0.9999999999999998,116.565051,0.10700728954187455,0,0
3.6,0.787,180,-30.562198974868036,0.9999999999999998,116.565051,0.10700728954187455,0,0
3.6,0.788,180,-30.562198974868036,0.9999999999999998,116.565051,0.10700728954187455,0,0
3.6,0.789,180,-30.562198974868036,0.9999999999999998,116.565051,0.10700728954187455,0,0
3.6,0.79,180,-30.562198974868036,0.9999999999999998,116.565051,0.10700728954187455,0,0
3.6,0.791,180,-30.562198974868036,0.9999999999999998,116.565051,0.10700728954187455,0,0
3.6,0.792,180,-30.562198974868036,0.9999999999999998,116.565051,0.10700728954187455,0,0
3.6,0.793,180,-30.562198974868036,0.9999999999999998,116.565051,0.10700728954187455,0,0
3.6,0.794,180,-30.562198974868036,0.9999999999999998,116.565051,0.10700728954187455,0,0
3.6,0.795,180,-30.562198974868036,0.9999999999999998,116.565051,0.10700728954187455,0,0
3.6,0.796,180,-30.562198974868036,0.9999999999999998,116.565051,0.10700728954187455,0,0
3.6,0.797,180,-30.562198974868036,0.9999999999999998,116.565051,0.10700728954187455,0,0
3.6,0.798,180,-30.562198974868036,0.9999999999999998,116.565051,0.10700728954187455,0,0
3.6,0.799,180,-30.562198974868036,0.9999999999999998,116.565051,0.10700728954187455,0,0
3.6,0.8,180,-30.562198974868036,0.9999999999999998,116.565051,0.10700728954187455,0,0
3.6,0.801,179.61538461538464,-30.562198974868036,0.9889293385060768,116.565051,0.10700728954187455,0,0
3.6,0.802,179.23076923076923,-30.562198974868036,0.9778689456206598,116.565051,0.10700728954187455,0,0
3.6,0.803,178.84615384615384,-30.562198974868036,0.9668178264828019,116.565051,0.10700728954187455,0,0
3.6,0.804,178.46153846153848,-30.562198974868036,0.9557749880526155,116.565051,0.10700728954187455,0,0
3.6,0.805,178.0769230769231,-30.562198974868036,0.944739438754,116.565051,0.10700728954187455,0,0
3.6,0.806,177.6923076923077,-30.562198974868036,0.9337101881179302,116.565051,0.10700728954187455,0,0
3.6,0.807,177.30769230769232,-30.562198974868036,0.9226862464260535,116.565051,0.10700728954187455,0,0
3.6,0.808,176.92307692307693,-30.562198974868036,0.9116666243543144,116.565051,0.10700728954187455,0,0
3.6,0.809,176.53846153846152,-30.562198974868036,0.9006503326163251,116.565051,0.10700728954187455,0,0
3.6,0.81,176.15384615384616,-30.562198974868036,0.8896363816062274,116.565051,0.10700728954187455,0,0
3.6,0.811,175.76923076923077,-30.562198974868036,0.8786237810407466,116.565051,0.10700728954187455,0,0
3.6,0.812,175.3846153846154,-30.562198974868036,0.8676115396001867,116.565051,0.10700728954187455,0,0
3.6,0.813,175.00000000000003,-30.562198974868036,0.856598664568063,116.565051,0.10700728954187455,0,0
3.6,0.814,174.61538461538464,-30.562198974868036,0.8455841614691106,116.565051,0.10700728954187455,0,0
3.6,0.815,174.23076923076928,-30.562198974868036,0.834567033705378,116.565051,0.10700728954187455,0,0
3.6,0.816,173.8461538461539,-30.562198974868036,0.8235462821901204,116.565051,0.10700728954187455,0,0
3.6,0.817,173.4615384615385,-30.562198974868036,0.8125209049791972,116.565051,0.10700728954187455,0,0
3.6,0.818,173.07692307692312,-30.562198974868036,0.8014898968996915,116.565051,0.10700728954187455,0,0
3.6,0.819,172.69230769230774,-30.562198974868036,0.7904522491754515,116.565051,0.10700728954187455,0,0
3.6,0.82,172.30769230769232,-30.562198974868036,0.7794069490492377,116.565051,0.10700728954187455,0,0
3.6,0.821,171.92307692307696,-30.562198974868036,0.7683529794011934,116.565051,0.10700728954187455,0,0
3.6,0.822,171.53846153846158,-30.562198974868036,0.7572893183633006,116.565051,0.10700728954187455,0,0
3.6,0.823,171.1538461538462,-30.562198974868036,0.7462149389295234,116.85600825841131,0.10661512561932973,0,0
3.6,0.824,170.76923076923083,-30.562198974868036,0.7351288085613041,117.70819796903102,0.10544499170059907,0.00024377785745155478,0
3.6,0.825,170.38461538461542,-30.562198974868036,0.7240298887880761,118.56137079990926,0.10425242217426578,0.007470884985210535,0
3.6,0.826,170.00000000000003,-30.562198974868036,0.7129171348024699,119.41560706528188,0.1022082720068076,0.018728966680303438,0
3.6,0.827,169.61538461538467,-30.562198974868036,0.701789495049848,120.27098759804669,0.09699060180073804,0.027158871750892377,0
3.6,0.828,169.23076923076925,-30.562198974868036,0.6906459108118268,121.12759378177776,0.09085799419414187,0.03240629585688115,0
3.6,0.829,168.84615384615387,-30.562198974868036,0.6794853157834176,121.98550758323088,0.08477028218217564,0.034424937781803555,0
3.6,0.83,168.4615384615385,-30.562198974868036,0.668306635643407,122.84481158536815,0.07874397911140818,0.03314194858228947,0
3.6,0.831,168.07692307692312,-30.562198974868036,0.6571087876176065,123.7055890209309,0.07279599871540299,0.028455913769784846,0
3.6,0.832,167.6923076923077,-30.562198974868036,0.645890680034561,124.56792380659265,0.06694365797100965,0.020234171212053065,0
3.6,0.833,167.30769230769235,-30.562198974868036,0.63465121187333,125.43190057772073,0.06120468006047419,0.008309345886628572,0
3.6,0.834,166.92307692307696,-30.562198974868036,0.6233892723029026,126.29760472378165,0.05559719742154878,0.00038206545927610414,0
3.6,0.835,166.53846153846155,-30.562198974868036,0.612103740212837,127.16512242442072,0.050139754866817654,0,0
3.6,0.836,166.1538461538462,-30.562198974868036,0.6007934837346699,128.03454068625126,0.04485131275216925,0,0
3.6,0.837,165.7692307692308,-30.562198974868036,0.5894573597536358,128.90594738038868,0.039751250173163166,0,0
3.6,0.838,165.38461538461544,-30.562198974868036,0.5780942134102386,129.77943128076473,0.03480622703238434,0,0
3.6,0.839,165.00000000000006,-30.562198974868036,0.5667028775911694,130.65508210326033,0.029296658656771335,0,0
3.6,0.84,164.61538461538464,-30.562198974868036,0.5552821724090814,131.53299054569547,0.023060391596763097,0,0
3.6,0.841,164.23076923076928,-30.562198974868036,0.5438309046706956,132.4132483287159,0.01635671456290244,0,0
3.6,0.842,163.84615384615387,-30.562198974868036,0.5323478673326891,133.29594823761866,0.009938677342719249,0,0
3.6,0.843,163.46153846153848,-30.562198974868036,0.5208318389448245,134.1811841651589,0.0058867260225516915,0,0
3.6,0.844,163.0769230769231,-30.562198974868036,0.5092815830797204,135.06905115538336,0.005773108463053012,0,0
3.6,0.845,162.6923076923077,-30.562198974868036,0.4976958477486799,135.95964544853544,0.0070092854237711055,0,0
3.6,0.846,162.30769230769235,-30.562198974868036,0.48607336480294566,136.8530645270808,0.005736634725869827,0,0
3.6,0.847,161.92307692307693,-30.562198974868036,0.47441284931972827,137.74940716290314,0.0036805581863978976,0,0
3.6,0.848,161.53846153846158,-30.562198974868036,0.4627129989723545,138.648773465721,0.0020545339989284095,0,0
3.6,0.849,161.1538461538462,-30.562198974868036,0.4509724933838128,139.55126493278064,0.0008831896582186527,0,0
3.6,0.85,160.7692307692308,-30.562198974868036,0.4391899934629961,140.4569844998788,0.00019160279438645844,0,0
3.6,0.851,160.38461538461542,-30.562198974868036,0.42736414072286194,141.36603659377596,0,0,0
3.6,0.852,160.00000000000003,-30.562198974868036,0.4154935565797447,142.2785271860578,0,0,0
3.6,0.853,159.61538461538464,-30.562198974868036,0.40357684163299484,143.19456384850955,0,0,0
3.6,0.854,159.23076923076925,-30.562198974868036,0.3916125749240842,144.11425581006833,0,0,0
3.6,0.855,158.84615384615387,-30.562198974868036,0.3795993131743124,145.03771401542056,0,0,0
3.6,0.856,158.46153846153848,-30.562198974868036,0.36753559000016256,145.9650511853177,0,0,0
3.6,0.857,158.0769230769231,-30.562198974868036,0.3554199151053704,146.89638187868152,0,0,0
3.6,0.858,157.69230769230774,-30.562198974868036,0.3432507734486728,147.83182255657943,0,0,0
3.6,0.859,157.30769230769232,-30.562198974868036,0.3310266243862105,148.77149164814767,0,0,0
3.6,0.86,156.92307692307693,-30.562198974868036,0.3187459007874782,149.71550961854842,0,0,0
3.6,0.861,156.53846153846158,-30.562198974868036,0.30640700812366983,150.66399903904832,0,0,0
3.6,0.862,156.1538461538462,-30.562198974868036,0.2940083235272423,151.61708465930988,0,0,0
3.6,0.863,155.7692307692308,-30.562198974868036,0.2815481948214374,152.57489348199198,0,0,0
3.6,0.864,155.38461538461542,-30.562198974868036,0.26902493951844625,153.53755483976087,0,0,0
3.6,0.865,155.00000000000003,-30.562198974868036,0.2564368437848761,154.50520047481464,0,0,0
3.6,0.866,154.6153846153846,-30.562198974868036,0.24378216137305803,155,0,0,0
3.6,0.867,154.23076923076925,-30.562198974868036,0.23105911251673006,155,0,0,0
3.6,0.868,153.84615384615387,-30.562198974868036,0.21826588278950187,155,0,0,0
3.6,0.869,153.46153846153848,-30.562198974868036,0.20540062192448033,155,0,0,0
3.6,0.87,153.0769230769231,-30.562198974868036,0.19246144259333056,155,0,0,0
3.6,0.871,152.6923076923077,-30.562198974868036,0.17944641914295895,155,0,0,0
3.6,0.872,152.30769230769235,-30.562198974868036,0.16635358628795383,155,0,0,0
3.6,0.873,151.92307692307693,-30.562198974868036,0.15318093775677113,155,0,0,0
3.6,0.874,151.53846153846155,-30.562198974868036,0.1399264248896172,155,0,0,0
3.6,0.875,151.1538461538462,-30.562198974868036,0.12658795518581764,155,0,0,0
3.6,0.876,150.76923076923077,-30.562198974868036,0.11316339079840103,155,0,0,0
3.6,0.877,150.38461538461542,-30.562198974868036,0.09965054697348621,155,0,0,0
3.6,0.878,150.00000000000003,-30.562198974868036,0.08604719043193157,155,0,0,0
3.6,0.879,149.61538461538464,-30.562198974868036,0.0723510376906056,155,0,0,0
3.6,0.88,149.23076923076923,-30.562198974868036,0.058559753320479,155,0,0,0
3.6,0.881,148.84615384615387,-30.562198974868036,0.04467094813858731,155,0,0,0
3.6,0.882,148.46153846153848,-30.562198974868036,0.030682177330784613,155,0,0,0
3.6,0.883,148.0769230769231,-30.562198974868036,0.01659093850202621,155,0,0,0
3.6,0.884,147.6923076923077,-30.562198974868036,0.0023946696507595754,155,0,0,0
3.6,0.885,147.30769230769235,-30.562198974868036,0,155,0,0,0
3.6,0.886,146.92307692307693,-30.562198974868036,0,155,0,0,0
3.6,0.887,146.53846153846158,-30.562198974868036,0,155,0,0,0
3.6,0.888,146.1538461538462,-30.562198974868036,0,155,0,0,0
3.6,0.889,145.76923076923077,-30.562198974868036,0,155,0,0,0
3.6,0.89,145.3846153846154,-30.562198974868036,0,155,0,0,0
3.6,0.891,145.00000000000003,-30.562198974868036,0,155,0,0,0
3.6,0.892,144.61538461538464,-30.562198974868036,0,155,0,0,0
3.6,0.893,144.23076923076925,-30.562198974868036,0,155,0,0,0
3.6,0.894,143.84615384615387,-30.562198974868036,0,155,0,0,0
3.6,0.895,143.4615384615385,-30.562198974868036,0,155,0,0,0
3.6,0.896,143.0769230769231,-30.562198974868036,0,155,0,0,0
3.6,0.897,142.6923076923077,-30.562198974868036,0,155,0,0,0
3.6,0.898,142.30769230769232,-30.562198974868036,0,155,0,0,0
3.6,0.899,141.92307692307693,-30.562198974868036,0,155,0,0,0
3.6,0.9,141.53846153846155,-30.562198974868036,0,155,0,0,0
3.6,0.901,141.1538461538462,-30.562198974868036,0,155,0,0,0
3.6,0.902,140.7692307692308,-30.562198974868036,0,155,0,0,0
3.6,0.903,140.3846153846154,-30.562198974868036,0,155,0,0,0
3.6,0.904,140,-30.562198974868036,0,155,0,0,0
3.6,0.905,139.6153846153846,-30.562198974868036,0,155,0,0,0
3.6,0.906,139.23076923076925,-30.562198974868036,0,155,0,0,0
3.6,0.907,138.84615384615384,-30.562198974868036,0,155,0,0,0
3.6,0.908,138.46153846153848,-30.562198974868036,0,155,0,0,0
3.6,0.909,138.0769230769231,-30.562198974868036,0,155,0,0,0
3.6,0.91,137.69230769230768,-30.562198974868036,0,155,0,0,0
3.6,0.911,137.30769230769232,-30.562198974868036,0,155,0,0,0
3.6,0.912,136.92307692307693,-30.562198974868036,0,155,0,0,0
3.6,0.913,136.53846153846155,-30.562198974868036,0,155,0,0,0
3.6,0.914,136.15384615384616,-30.562198974868036,0,155,0,0,0
3.6,0.915,135.76923076923077,-30.562198974868036,0,155,0,0,0
3.6,0.916,135.38461538461542,-30.562198974868036,0,155,0,0,0
3.6,0.917,135,-30.562198974868036,0,155,0,0,0
3.6,0.918,134.6153846153846,-30.562198974868036,0,155,0,0,0
3.6,0.919,134.23076923076925,-30.562198974868036,0,155,0,0,0
3.6,0.92,133.84615384615384,-30.562198974868036,0,155,0,0,0
3.6,0.921,133.46153846153848,-30.562198974868036,0,155,0,0,0
3.6,0.922,133.0769230769231,-30.562198974868036,0,155,0,0,0
3.6,0.923,132.6923076923077,-30.562198974868036,0,155,0,0,0
3.6,0.924,132.3076923076923,-30.562198974868036,0,155,0,0,0
3.6,0.925,131.92307692307693,-30.562198974868036,0,155,0,0,0
3.6,0.926,131.53846153846155,-30.562198974868036,0,155,0,0,0
3.6,0.927,131.15384615384616,-30.562198974868036,0,155,0,0,0
3.6,0.928,130.76923076923077,-30.562198974868036,0,155,0,0,0
3.6,0.929,130.3846153846154,-30.562198974868036,0,155,0,0,0
3.6,0.93,130,-30.562198974868036,0,155,0,0,0
3.6,0.931,129.57142857142858,-30.597024703798496,0,155,0,0,0
3.6,0.932,129.14285714285714,-30.63185043272895,0,155,0,0,0
3.6,0.933,128.71428571428572,-30.666676161659407,0,155,0,0,0
3.6,0.934,128.28571428571428,-30.70150189058986,0,155,0,0,0
3.6,0.935,127.85714285714286,-30.73632761952032,0,155,0,0,0
3.6,0.936,127.42857142857143,-30.771153348450774,0,155,0,0,0
3.6,0.937,127.00000000000003,-30.80597907738123,0,155,0,0,0
3.6,0.938,126.57142857142863,-30.840804806311684,0,155,0,0,0
3.6,0.939,126.14285714285718,-30.875630535242145,0,155,0,0,0
3.6,0.94,125.7142857142858,-30.9104562641726,0,155,0,0,0
3.6,0.941,125.28571428571433,-30.945281993103055,0,155,0,0,0
3.6,0.942,124.8571428571429,-30.98010772203351,0,155,0,0,0
3.6,0.943,124.42857142857146,-31.01493345096397,0,155,0,0,0
3.6,0.944,124.00000000000006,-31.049759179894423,0,155,0,0,0
3.6,0.945,123.57142857142863,-31.08458490882488,0,155,0,0,0
3.6,0.946,123.1428571428572,-31.11941063775534,0,155,0,0,0
3.6,0.947,122.71428571428574,-31.154236366685794,0,155,0,0,0
3.6,0.948,122.2857142857143,-31.189062095616254,0,155,0,0,0
3.6,0.949,121.8571428571429,-31.223887824546708,0,155,0,0,0
3.6,0.95,121.42857142857147,-31.258713553477165,0,155,0,0,0
3.6,0.951,121.00000000000003,-31.293539282407618,0,155,0,0,0
3.6,0.952,120.57142857142861,-31.32836501133808,0,155,0,0,0
3.6,0.953,120.14285714285718,-31.363190740268536,0,155,0,0,0
3.6,0.954,119.71428571428575,-31.39801646919899,0,155,0,0,0
3.6,0.955,119.28571428571432,-31.43284219812945,0,155,0,0,0
3.6,0.956,118.85714285714292,-31.467667927059903,0,155,0,0,0
3.6,0.957,118.42857142857149,-31.50249365599036,0,155,0,0,0
3.6,0.958,118.00000000000003,-31.537319384920814,0,155,0,0,0
3.6,0.959,117.57142857142858,-31.572145113851274,0,155,0,0,0
3.6,0.96,117.14285714285718,-31.606970842781735,0,155,0,0,0
3.6,0.961,116.71428571428577,-31.641796571712188,0,155,0,0,0
3.6,0.962,116.28571428571432,-31.676622300642645,0,155,0,0,0
3.6,0.963,115.85714285714289,-31.7114480295731,0,155,0,0,0
3.6,0.964,115.42857142857147,-31.74627375850356,0,155,0,0,0
3.6,0.965,115.00000000000003,-31.781099487434012,0,155,0,0,0
3.6,0.966,114.57142857142861,-31.81592521636447,0,155,0,0,0
3.6,0.967,114.14285714285718,-31.85075094529493,0,155,0,0,0
3.6,0.968,113.71428571428575,-31.885576674225383,0,155,0,0,0
3.6,0.969,113.28571428571432,-31.92040240315584,0,155,0,0,0
3.6,0.97,112.85714285714289,-31.955228132086294,0,155,0,0,0
3.6,0.971,112.42857142857146,-31.990053861016754,0,155,0,0,0
3.6,0.972,112.00000000000004,-32.02487958994721,0,155,0,0,0
3.6,0.973,111.57142857142861,-32.05970531887767,0,155,0,0,0
3.6,0.974,111.14285714285718,-32.094531047808125,0,155,0,0,0
3.6,0.975,110.71428571428575,-32.12935677673858,0,155,0,0,0
3.6,0.976,110.28571428571432,-32.16418250566904,0,155,0,0,0
3.6,0.977,109.85714285714289,-32.19900823459949,0,155,0,0,0
3.6,0.978,109.42857142857146,-32.23383396352995,0,155,0,0,0
3.6,0.979,109.00000000000003,-32.26865969246041,0,155,0,0,0
3.6,0.98,108.5714285714286,-32.30348542139086,0,155,0,0,0
3.6,0.981,108.14285714285717,-32.338311150321324,0,155,0,0,0
3.6,0.982,107.71428571428575,-32.373136879251774,0,155,0,0,0
3.6,0.983,107.28571428571433,-32.40796260818223,0,155,0,0,0
3.6,0.984,106.8571428571429,-32.44278833711269,0,155,0,0,0
3.6,0.985,106.42857142857144,-32.477614066043145,0,155,0,0,0
3.6,0.986,106.00000000000001,-32.51243979497361,0,155,0,0,0
3.6,0.987,105.57142857142858,-32.54726552390406,0,155,0,0,0
3.6,0.988,105.14285714285717,-32.582091252834516,0,155,0,0,0
3.6,0.989,104.71428571428574,-32.61691698176497,0,155,0,0,0
3.6,0.99,104.2857142857143,-32.65174271069543,0,155,0,0,0
3.6,0.991,103.85714285714289,-32.68656843962589,0,155,0,0,0
3.6,0.992,103.42857142857146,-32.721394168556344,0,155,0,0,0
3.6,0.993,103.00000000000003,-32.7562198974868,0,155,0,0,0
3.6,0.994,102.5714285714286,-32.79104562641726,0,155,0,0,0
3.6,0.995,102.14285714285717,-32.825871355347715,0,155,0,0,0
3.6,0.996,101.71428571428574,-32.860697084278165,0,155,0,0,0
3.6,0.997,101.2857142857143,-32.89552281320863,0,155,0,0,0
3.6,0.998,100.85714285714288,-32.93034854213908,0,155,0,0,0
3.6,0.999,100.42857142857146,-32.965174271069536,0,155,0,0,0
3.6,1,100.00000000000003,-33,0,155,0,0,0
10,0,100,-33,0,155,0,0,0
10,0.001,100,-33,0,155,0,0,0
10,0.002,100,-33,0,155,0,0,0
10,0.003,100,-33,0,155,0,0,0
10,0.004,100,-33,0,155,0,0,0
10,0.005,100,-33,0,155,0,0,0
10,0.006,100,-33,0,155,0,0,0
10,0.007,100,-33,0,155,0,0,0
10,0.008,100,-33,0,155,0,0,0
10,0.009,100,-33,0,155,0,0,0
10,0.01,100,-33,0,155,0,0,0
10,0.011,100,-33,0,155,0,0,0
10,0.012,100,-33,0,155,0,0,0
10,0.013,100,-33,0,155,0,0,0
10,0.014,100,-33,0,155,0,0,0
10,0.015,100,-33,0,155,0,0,0
10,0.016,100,-33,0,155,0,0,0
10,0.017,100,-33,0,155,0,0,0
10,0.018,100,-33,0,155,0,0,0
10,0.019,100,-33,0,155,0,0,0
10,0.02,100,-33,0,155,0,0,0
10,0.021,100,-33,0,155,0,0,0
10,0.022,100,-33,0,155,0,0,0
10,0.023,100,-33,0,155,0,0,0
10,0.024,100,-33,0,155,0,0,0
10,0.025,100,-33,0,155,0,0,0
10,0.026,100,-33,0,155,0,0,0
10,0.027,100,-33,0,155,0,0,0
10,0.028,100,-33,0,155,0,0,0
10,0.029,100,-33,0,155,0,0,0
10,0.03,100,-33,0,155,0,0,0
10,0.031,100,-33,0,155,0,0,0
10,0.032,100,-33,0,155,0,0,0
10,0.033,100,-33,0,155,0,0,0
10,0.034,100,-33,0,155,0,0,0
10,0.035,100,-33,0,155,0,0,0
10,0.036,100,-33,0,155,0,0,0
10,0.037,100,-33,0,155,0,0,0
10,0.038,100,-33,0,155,0,0,0
10,0.039,100,-33,0,155,0,0,0
10,0.04,100,-33,0,155,0,0,0
10,0.041,100,-33,0,155,0,0,0
10,0.042,100,-33,0,155,0,0,0
10,0.043,100,-33,0,155,0,0,0
10,0.044,100,-33,0,155,0,0,0
10,0.045,100,-33,0,155,0,0,0
10,0.046,100,-33,0,155,0,0,0
10,0.047,100,-33,0,155,0,0,0
10,0.048,100,-33,0,155,0,0,0
10,0.049,100,-33,0,155,0,0,0
10,0.05,100,-33,0,155,0,0,0
10,0.051,100,-33,0,155,0,0,0
10,0.052,100,-33,0,155,0,0,0
10,0.053,100,-33,0,155,0,0,0
10,0.054,100,-33,0,155,0,0,0
10,0.055,100,-33,0,155,0,0,0
10,0.056,100,-33,0,155,0,0,0
10,0.057,100,-33,0,155,0,0,0
10,0.058,100,-33,0,155,0,0,0
10,0.059,100,-33,0,155,0,0,0
10,0.06,100,-33,0,155,0,0,0
10,0.061,100,-33,0,155,0,0,0
10,0.062,100,-33,0,155,0,0,0
10,0.063,100,-33,0,155,0,0,0
10,0.064,100,-33,0,155,0,0,0
10,0.065,100,-33,0,155,0,0,0
10,0.066,100,-33,0,155,0,0,0
10,0.067,100,-33,0,155,0,0,0
10,0.068,100,-33,0,155,0,0,0
10,0.069,100,-33,0,155,0,0,0
10,0.07,100,-33,0,155,0,0,0
10,0.071,100,-33,0,155,0,0,0
10,0.072,100,-33,0,155,0,0,0
10,0.073,100,-33,0,155,0,0,0
10,0.074,100,-33,0,155,0,0,0
10,0.075,100,-33,0,155,0,0,0
10,0.076,100,-33,0,155,0,0,0
10,0.077,100,-33,0,155,0,0,0
10,0.078,100,-33,0,155,0,0,0
10,0.079,100,-33,0,155,0,0,0
10,0.08,100,-33,0,155,0,0,0
10,0.081,100,-33,0,155,0,0,0
10,0.082,100,-33,0,155,0,0,0
10,0.083,100,-33,0,155,0,0,0
10,0.084,100,-33,0,155,0,0,0
10,0.085,100,-33,0,155,0,0,0
10,0.086,100,-33,0,155,0,0,0
10,0.087,100,-33,0,155,0,0,0
10,0.088,100,-33,0,155,0,0,0
10,0.089,100,-33,0,155,0,0,0
10,0.09,100,-33,0,155,0,0,0
10,0.091,100,-33,0,155,0,0,0
10,0.092,100,-33,0,155,0,0,0
10,0.093,100,-33,0,155,0,0,0
10,0.094,100,-33,0,155,0,0,0
10,0.095,100,-33,0,155,0,0,0
10,0.096,100,-33,0,155,0,0,0
10,0.097,100,-33,0,155,0,0,0
10,0.098,100,-33,0,155,0,0,0
10,0.099,100,-33,0,155,0,0,0
10,0.1,100,-33,0,155,0,0,0
10,0.101,100.18161443801971,-33,0,155,0,0,0
10,0.102,100.36322887603941,-33,0,155,0,0,0
10,0.103,100.54484331405912,-33,0,155,0,0,0
10,0.104,100.72645775207886,-33,0,155,0,0,0
10,0.105,100.90807219009857,-33,0,155,0,0,0
10,0.106,101.08968662811829,-33,0,155,0,0,0
10,0.107,101.271301066138,-33,0,155,0,0,0
10,0.108,101.4529155041577,-33,0,155,0,0,0
10,0.109,101.63452994217741,-33,0,155,0,0,0
10,0.11,101.81614438019712,-33,0,155,0,0,0
10,0.111,101.99775881821685,-33,0,155,0,0,0
10,0.112,102.17937325623656,-33,0,155,0,0,0
10,0.113,102.36098769425628,-33,0,155,0,0,0
10,0.114,102.54260213227599,-33,0,155,0,0,0
10,0.115,102.72421657029571,-33,0,155,0,0,0
10,0.116,102.9058310083154,-33,0,155,0,0,0
10,0.117,103.08744544633514,-33,0,155,0,0,0
10,0.118,103.26905988435485,-33,0,155,0,0,0
10,0.119,103.45067432237455,-33,0,155,0,0,0
10,0.12,103.63228876039427,-33,0,155,0,0,0
10,0.121,103.81390319841398,-33,0,155,0,0,0
10,0.122,103.99551763643369,-33,0,155,0,0,0
10,0.123,104.1771320744534,-33,0,155,0,0,0
10,0.124,104.35874651247312,-33,0,155,0,0,0
10,0.125,104.54036095049284,-33,0,155,0,0,0
10,0.126,104.72197538851256,-33,0,155,0,0,0
10,0.127,104.90358982653225,-33,0,155,0,0,0
10,0.128,105.08520426455198,-33,0,155,0,0,0
10,0.129,105.26681870257168,-33,0,155,0,0,0
10,0.13,105.4484331405914,-33,0,155,0,0,0
10,0.131,105.63004757861111,-33,0,155,0,0,0
10,0.132,105.81166201663082,-33,0,155,0,0,0
10,0.133,105.99327645465056,-33,0,155,0,0,0
10,0.134,106.17489089267025,-33,0,155,0,0,0
10,0.135,106.35650533068997,-33,0,155,0,0,0
10,0.136,106.53811976870968,-33,0,155,0,0,0
10,0.137,106.7197342067294,-33,0,155,0,0,0
10,0.138,106.9013486447491,-33,0,155,0,0,0
10,0.139,107.08296308276881,-33,0,155,0,0,0
10,0.14,107.26457752078852,-33,0,155,0,0,0
10,0.141,107.44619195880826,-33,0,155,0,0,0
10,0.142,107.62780639682796,-33,0,155,0,0,0
10,0.143,107.80942083484767,-33,0,155,0,0,0
10,0.144,107.99103527286739,-33,0,155,0,0,0
10,0.145,108.17264971088709,-33,0,155,0,0,0
10,0.146,108.35426414890681,-33,0,155,0,0,0
10,0.147,108.53587858692651,-33,0,155,0,0,0
10,0.148,108.71749302494625,-33,0,155,0,0,0
10,0.149,108.89910746296596,-33,0,155,0,0,0
10,0.15,109.08072190098568,-33,0,155,0,0,0
10,0.151,109.26233633900537,-33,0,155,0,0,0
10,0.152,109.4439507770251,-33,0,155,0,0,0
10,0.153,109.6255652150448,-33,0,155,0,0,0
10,0.154,109.80717965306451,-33,0,155,0,0,0
10,0.155,109.98879409108423,-33,0,155,0,0,0
10,0.156,110.17040852910395,-33,0,155,0,0,0
10,0.157,110.35202296712367,-33,0,155,0,0,0
10,0.158,110.53363740514337,-33,0,155,0,0,0
10,0.159,110.71525184316309,-33,0,155,0,0,0
10,0.16,110.8968662811828,-33,0,155,0,0,0
10,0.161,111.07848071920252,-33,0,155,0,0,0
10,0.162,111.26009515722222,-33,0,155,0,0,0
10,0.163,111.44170959524193,-33,0,155,0,0,0
10,0.164,111.62332403326165,-33,0,155,0,0,0
10,0.165,111.80493847128136,-33,0,155,0,0,0
10,0.166,111.98655290930108,-33,0,155,0,0,0
10,0.167,112.16816734732079,-33,0,155,0,0,0
10,0.168,112.34978178534051,-33,0,155,0,0,0
10,0.169,112.53139622336022,-33,0,155,0,0,0
10,0.17,112.71301066137995,-33,0,155,0,0,0
10,0.171,112.89462509939966,-33,0,155,0,0,0
10,0.172,113.07623953741937,-33,0,155,0,0,0
10,0.173,113.25785397543908,-33,0,155,0,0,0
10,0.174,113.43946841345878,-33,0,155,0,0,0
10,0.175,113.62108285147849,-33,0,155,0,0,0
10,0.176,113.80269728949821,-33,0,155,0,0,0
10,0.177,113.98431172751792,-33,0,155,0,0,0
10,0.178,114.16592616553763,-33,0,155,0,0,0
10,0.179,114.34754060355736,-33,0,155,0,0,0
10,0.18,114.52915504157707,-33,0,155,0,0,0
10,0.181,114.71076947959679,-33,0,155,0,0,0
10,0.182,114.8923839176165,-33,0,155,0,0,0
10,0.183,115.0739983556362,-33,0,155,0,0,0
10,0.184,115.25561279365593,-33,0,155,0,0,0
10,0.185,115.43722723167562,-33,0,155,0,0,0
10,0.186,115.61884166969533,-33,0,155,0,0,0
10,0.187,115.80045610771506,-33,0,155,0,0,0
10,0.188,115.98207054573477,-33,0,155,0,0,0
10,0.189,116.16368498375448,-33,0,155,0,0,0
10,0.19,116.3452994217742,-33,0,155,0,0,0
10,0.191,116.52691385979391,-33,0,155,0,0,0
10,0.192,116.70852829781363,-33,0,155,0,0,0
10,0.193,116.89014273583334,-33,0,155,0,0,0
10,0.194,117.07175717385304,-33,0,155,0,0,0
10,0.195,117.25337161187278,-33,0,155,0,0,0
10,0.196,117.43498604989249,-33,0,155,0,0,0
10,0.197,117.61660048791221,-33,0,155,0,0,0
10,0.198,117.7982149259319,-33,0,155,0,0,0
10,0.199,117.97982936395161,-33,0,155,0,0,0
10,0.2,118.16144380197133,-33,0,155,0,0,0
10,0.201,118.34305823999104,-33,0,155,0,0,0
10,0.202,118.52467267801075,-33,0,155,0,0,0
10,0.203,118.70628711603048,-33,0,155,0,0,0
10,0.204,118.88790155405019,-33,0,155,0,0,0
10,0.205,119.06951599206991,-33,0,155,0,0,0
10,0.206,119.25113043008962,-33,0,155,0,0,0
10,0.207,119.43274486810932,-33,0,155,0,0,0
10,0.208,119.61435930612906,-33,0,155,0,0,0
10,0.209,119.79597374414874,-33,0,155,0,0,0
10,0.21,119.97758818216845,-33,0,155,0,0,0
10,0.211,120.15920262018818,-33,0,155,0,0,0
10,0.212,120.34081705820789,-33,0,155,0,0,0
10,0.213,120.5224314962276,-33,0,155,0,0,0
10,0.214,120.70404593424732,-33,0,155,0,0,0
10,0.215,120.88566037226703,-33,0,155,0,0,0
10,0.216,121.06727481028676,-33,0,155,0,0,0
10,0.217,121.24888924830647,-33,0,155,0,0,0
10,0.218,121.43050368632618,-33,0,155,0,0,0
10,0.219,121.6121181243459,-33,0,155,0,0,0
10,0.22,121.7937325623656,-33,0,155,0,0,0
10,0.221,121.97534700038533,-33,0,155,0,0,0
10,0.222,122.15696143840502,-33,0,155,0,0,0
10,0.223,122.33857587642473,-33,0,155,0,0,0
10,0.224,122.52019031444443,-33,0,155,0,0,0
10,0.225,122.70180475246417,-33,0,155,0,0,0
10,0.226,122.88341919048388,-33,0,155,0,0,0
10,0.227,123.0650336285036,-33,0,155,0,0,0
10,0.228,123.2466480665233,-33,0,155,0,0,0
10,0.229,123.42826250454301,-33,0,155,0,0,0
10,0.23,123.60987694256274,-33,0,155,0,0,0
10,0.231,123.79149138058244,-33,0,155,0,0,0
10,0.232,123.97310581860218,-33,0,155,0,0,0
10,0.233,124.15472025662189,-33,0,155,0,0,0
10,0.234,124.3363346946416,-33,0,155,0,0,0
10,0.235,124.51794913266129,-33,0,155,0,0,0
10,0.236,124.69956357068101,-33,0,155,0,0,0
10,0.237,124.88117800870072,-33,0,155,0,0,0
10,0.238,125.06279244672044,-33,0,155,0,0,0
10,0.239,125.24440688474014,-33,0,155,0,0,0
10,0.24,125.42602132275988,-33,0,155,0,0,0
10,0.241,125.60763576077959,-33,0,155,0,0,0
10,0.242,125.7892501987993,-33,0,155,0,0,0
10,0.243,125.97086463681902,-33,0,155,0,0,0
10,0.244,126.15247907483872,-33,0,155,0,0,0
10,0.245,126.33409351285844,-33,0,155,0,0,0
10,0.246,126.51570795087814,-33,0,155,0,0,0
10,0.247,126.69732238889785,-33,0,155,0,0,0
10,0.248,126.87893682691755,-33,0,155,0,0,0
10,0.249,127.06055126493729,-33,0,155,0,0,0
10,0.25,127.242165702957,-33,0,155,0,0,0
10,0.251,127.42378014097672,-33,0,155,0,0,0
10,0.252,127.60539457899642,-33,0,155,0,0,0
10,0.253,127.78700901701613,-33,0,155,0,0,0
10,0.254,127.96862345503585,-33,0,155,0,0,0
10,0.255,128.15023789305556,-33,0,155,0,0,0
10,0.256,128.33185233107528,-33,0,155,0,0,0
10,0.257,128.513466769095,-33,0,155,0,0,0
10,0.258,128.6950812071147,-33,0,155,0,0,0
10,0.259,128.8766956451344,-33,0,155,0,0,0
10,0.26,129.05831008315414,-33,0,155,0,0,0
10,0.261,129.23992452117383,-33,0,155,0,0,0
10,0.262,129.42153895919355,-33,0,155,0,0,0
10,0.263,129.60315339721328,-33,0,155,0,0,0
10,0.264,129.78476783523297,-33,0,155,0,0,0
10,0.265,129.9663822732527,-33,0,155,0,0,0
10,0.266,130.1479967112724,-33,0,155,0,0,0
10,0.267,130.32961114929213,-33,0,155,0,0,0
10,0.268,130.51122558731186,-33,0,155,0,0,0
10,0.269,130.69284002533158,-33,0,155,0,0,0
10,0.27,130.87445446335127,-33,0,155,0,0,0
10,0.271,131.056068901371,-33,0,155,0,0,0
10,0.272,131.23768333939068,-33,0,155,0,0,0
10,0.273,131.41929777741043,-33,0,155,0,0,0
10,0.274,131.6009122154301,-33,0,155,0,0,0
10,0.275,131.78252665344985,-33,0,155,0,0,0
10,0.276,131.96414109146954,-33,0,155,0,0,0
10,0.277,132.14575552948926,-33,0,155,0,0,0
10,0.278,132.327369967509,-33,0,155,0,0,0
10,0.279,132.50898440552868,-33,0,155,0,0,0
10,0.28,132.6905988435484,-33,0,155,0,0,0
10,0.281,132.87221328156812,-33,0,155,0,0,0
10,0.282,133.05382771958782,-33,0,155,0,0,0
10,0.283,133.2354421576075,-33,0,155,0,0,0
10,0.284,133.41705659562726,-33,0,155,0,0,0
10,0.285,133.59867103364695,-33,0,155,0,0,0
10,0.286,133.78028547166667,-33,0,155,0,0,0
10,0.287,133.9618999096864,-33,0,155,0,0,0
10,0.288,134.1435143477061,-33,0,155,0,0,0
10,0.289,134.3251287857258,-33,0,155,0,0,0
10,0.29,134.50674322374553,-33,0,155,0,0,0
10,0.291,134.68835766176525,-33,0,155,0,0,0
10,0.292,134.86997209978495,-33,0,155,0,0,0
10,0.293,135.05158653780467,-33,0,155,0,0,0
10,0.294,135.23320097582436,-33,0,155,0,0,0
10,0.295,135.41481541384408,-33,0,155,0,0,0
10,0.296,135.5964298518638,-33,0,155,0,0,0
10,0.297,135.77804428988352,-33,0,155,0,0,0
10,0.298,135.95965872790322,-33,0,155,0,0,0
10,0.299,136.14127316592294,-33,0,155,0,0,0
10,0.3,136.32288760394266,-33,0,155,0,0,0
10,0.301,136.50450204196238,-33,0,155,0,0,0
10,0.302,136.6861164799821,-33,0,155,0,0,0
10,0.303,136.8677309180018,-33,0,155,0,0,0
10,0.304,137.04934535602152,-33,0,155,0,0,0
10,0.305,137.2309597940412,-33,0,155,0,0,0
10,0.306,137.41257423206096,-33,0,155,0,0,0
10,0.307,137.59418867008065,-33,0,155,0,0,0
10,0.308,137.77580310810038,-33,0,155,0,0,0
10,0.309,137.95741754612007,-33,0,155,0,0,0
10,0.31,138.1390319841398,-33,0,155,0,0,0
10,0.311,138.3206464221595,-33,0,155,0,0,0
10,0.312,138.5022608601792,-33,0,155,0,0,0
10,0.313,138.68387529819896,-33,0,155,0,0,0
10,0.314,138.86548973621865,-33,0,155,0,0,0
10,0.315,139.04710417423837,-33,0,155,0,0,0
10,0.316,139.2287186122581,-33,0,155,0,0,0
10,0.317,139.41033305027779,-33,0,155,0,0,0
10,0.318,139.59194748829748,-33,0,155,0,0,0
10,0.319,139.77356192631723,-33,0,155,0,0,0
10,0.32,139.95517636433692,-33,0,155,0,0,0
10,0.321,140.13679080235667,-33,0,155,0,0,0
10,0.322,140.31840524037636,-33,0,155,0,0,0
10,0.323,140.50001967839606,-33,0,155,0,0,0
10,0.324,140.68163411641578,-33,0,155,0,0,0
10,0.325,140.8632485544355,-33,0,155,0,0,0
10,0.326,141.04486299245522,-33,0,155,0,0,0
10,0.327,141.22647743047492,-33,0,155,0,0,0
10,0.328,141.40809186849464,-33,0,155,0,0,0
10,0.329,141.58970630651436,-33,0,155,0,0,0
10,0.33,141.77132074453408,-33,0,155,0,0,0
10,0.331,141.9529351825538,-33,0,155,0,0,0
10,0.332,142.1345496205735,-33,0,155,0,0,0
10,0.333,142.3161640585932,-33,0,155,0,0,0
10,0.334,142.49777849661294,-33,0,155,0,0,0
10,0.335,142.67939293463263,-33,0,155,0,0,0
10,0.336,142.86100737265232,-33,0,155,0,0,0
10,0.337,143.04262181067207,-33,0,155,0,0,0
10,0.338,143.22423624869177,-33,0,155,0,0,0
10,0.339,143.4058506867115,-33,0,155,0,0,0
10,0.34,143.5874651247312,-33,0,155,0,0,0
10,0.341,143.7690795627509,-33,0,155,0,0,0
10,0.342,143.95069400077065,-33,0,155,0,0,0
10,0.343,144.13230843879035,-33,0,155,0,0,0
10,0.344,144.31392287681004,-33,0,155,0,0,0
10,0.345,144.49553731482976,-33,0,155,0,0,0
10,0.346,144.67715175284948,-33,0,155,0,0,0
10,0.347,144.85876619086918,-33,0,155,0,0,0
10,0.348,145.0403806288889,-33,0,155,0,0,0
10,0.349,145.22199506690862,-33,0,155,0,0,0
10,0.35,145.40360950492834,-32.999999999999986,0,155,0,0,0
10,0.351,145.5665914574037,-32.8691176730353,0,155,0,0,0
10,0.352,145.72957340987907,-32.74092298703332,0,155,0,0,0
10,0.353,145.89255536235441,-32.61532189475962,0,155,0,0,0
10,0.354,146.05553731482976,-32.49222570837099,0,155,0,0,0
10,0.355,146.2185192673051,-32.371550684369225,0,155,0,0,0
10,0.356,146.3815012197805,-32.25321764902169,0,155,0,0,0
10,0.357,146.54448317225587,-32.13715165952722,0,155,0,0,0
10,0.358,146.70746512473121,-32.02328169684396,0,155,0,0,0
10,0.359,146.87044707720656,-31.911540386635355,0,155,0,0,0
10,0.36,147.0334290296819,-31.801863745250287,0,155,0,0,0
10,0.361,147.1964109821573,-31.694190948045843,0,155,0,0,0
10,0.362,147.35939293463264,-31.588464117695928,0,155,0,0,0
10,0.363,147.522374887108,-31.484628130417967,0,155,0,0,0
10,0.364,147.68535683958333,-31.382630438298175,0.002137129243206071,155,0,0,0
10,0.365,147.8483387920587,-31.28242090610945,0.008166652448455589,155,0,0,0
10,0.366,148.01132074453406,-31.18395166120367,0.014177037893945322,155,0,0,0
10,0.367,148.17430269700944,-31.087176955219356,0.020168484645544653,155,0,0,0
10,0.368,148.3372846494848,-30.992053036488134,0.026141189767808614,155,0,0,0
10,0.369,148.50026660196013,-30.898538032145378,0.032095348353247496,155,0,0,0
10,0.37,148.66324855443548,-30.806591839057802,0.03803115355112374,155,0,0,0
10,0.371,148.82623050691086,-30.716176022775578,0.043948796595773026,155,0,0,0
10,0.372,148.98921245938624,-30.62725372379887,0.04984846683447656,155,0,0,0
10,0.373,149.1521944118616,-30.539789570522263,0.055730351754879164,155,0,0,0
10,0.374,149.31517636433693,-30.453749598284745,0.061594637011968115,155,0,0,0
10,0.375,149.47815831681228,-30.369101174009824,0.06744150645462024,155,0,0,0
10,0.376,149.64114026928766,-30.285812925971907,0.07327114215172961,155,0,0,0
10,0.377,149.804122221763,-30.20385467826851,0.07908372441790988,155,0,0,0
10,0.378,149.9671041742384,-30.123197389619445,0.08487943183880103,155,0,0,0
10,0.379,150.13008612671373,-30.043813096148547,0.09065844129596909,155,0,0,0
10,0.38,150.29306807918908,-29.9656748578363,0.09642092799141784,155,0,0,0
10,0.381,150.45605003166443,-29.88875670835951,0.10216706547171708,155,0,0,0
10,0.382,150.6190319841398,-29.81303360806033,0.10789702565174834,155,0,0,0
10,0.383,150.78201393661516,-29.738481399809146,0.11361097883808768,155,0,0,0
10,0.384,150.94499588909054,-29.66507676754729,0.11930909375202293,155,0,0,0
10,0.385,151.1079778415659,-29.592797197313313,0.12499153755221486,155,0,0,0
10,0.386,151.27095979404123,-29.521620940573683,0.13065847585700968,155,0,0,0
10,0.387,151.4339417465166,-29.4515269796939,0.13631007276641308,155,0,0,0
10,0.388,151.59692369899196,-29.382494995399437,0.14194649088371938,155,0,0,0
10,0.389,151.7599056514673,-29.314505336088327,0.14756789133682016,155,0,0,0
10,0.39,151.92288760394268,-29.247538988868666,0.15317443379918527,155,0,0,0
10,0.391,152.08586955641803,-29.18157755220407,0.15876627651052608,155,0,0,0
10,0.392,152.24885150889338,-29.116603210059697,0.1643435762971525,155,0,0,0
10,0.393,152.41183346136876,-29.05259870744952,0.16990648859201454,155,0,0,0
10,0.394,152.5748154138441,-28.989547327293728,0.1754551674544547,155,0,0,0
10,0.395,152.73779736631948,-28.92743286850137,0.18098976558965882,155,0,0,0
10,0.396,152.90077931879483,-28.866239625200308,0.18651043436782283,155,0,0,0
10,0.397,153.06376127127018,-28.80595236704226,0.19201732384303094,155,0,0,0
10,0.398,153.22674322374553,-28.74655632051575,0.197510582771864,155,0,0,0
10,0.399,153.3897251762209,-28.688037151205226,0.20299035863172293,155,0,0,0
10,0.4,153.55270712869628,-28.630380946938185,0.2084567976388951,155,0,0,0
10,0.401,153.71568908117163,-28.573574201767475,0.21391004476635173,155,0,0,0
10,0.402,153.87867103364698,-28.51760380073853,0.21935024376128795,155,0,0,0
10,0.403,154.04165298612233,-28.462457005395304,0.22477753716241364,155,0,0,0
10,0.404,154.20463493859768,-28.408121439982356,0.23019206631698633,155,0,0,0
10,0.405,154.36761689107306,-28.354585078302335,0.2355939713976082,155,0,0,0
10,0.406,154.53059884354843,-28.301836231191594,0.2409833914187804,155,0,0,0
10,0.407,154.69358079602375,-28.2498635345794,0.24636046425322022,155,0,0,0
10,0.408,154.85656274849913,-28.198655938097673,0.2517253266479516,154.86737431655527,0,0,0
10,0.409,155.01954470097448,-28.148202694211104,0.25707811424016186,154.45590608032637,0,0,0
10,0.41,155.18252665344986,-28.0984933478389,0.2624189615728412,154.04535569062978,0,0,0
10,0.411,155.34550860592518,-28.049517726441813,0.26774800211020133,153.63571288808504,0,0,0
10,0.412,155.50849055840055,-28.001265930549188,0.27306536825288175,153.22696749506855,0,0,0
10,0.413,155.67147251087593,-27.95372832470284,0.2783711913529377,152.81910941456118,0,0,0
10,0.414,155.83445446335128,-27.90689552879588,0.2836656017286305,152.41212862901156,0,0,0
10,0.415,155.99743641582663,-27.860758409785547,0.2889487286790075,152.00601519921503,0,0,0
10,0.416,156.16041836830198,-27.815308073761333,0.2942207004982853,151.60075926320826,0,0,0
10,0.417,156.32340032077735,-27.77053585834965,0.2994816444900385,151.19635103517848,0,0,0
10,0.418,156.4863822732527,-27.726433325438524,0.30473168698118935,150.79278080438803,0,0,0
10,0.419,156.64936422572805,-27.682992254205786,0.3099709533358145,150.3900389341132,0,0,0
10,0.42,156.81234617820343,-27.640204634436206,0.31519956796876464,149.988115860597,0,0,0
10,0.421,156.97532813067878,-27.598062660112824,0.32041765435909814,149.58700209201686,0,0,0
10,0.422,157.13831008315412,-27.556558723269504,0.32562533506334274,149.186688207465,0,0,0
10,0.423,157.3012920356295,-27.51568540809204,0.3308227317285712,148.78716485594336,0,0,0
10,0.424,157.46427398810485,-27.475435485255595,0.33600996510531317,148.38842275537104,0,0,0
10,0.425,157.62725594058023,-27.43580190648786,0.3411871550602919,147.99045269160519,0,0,0
10,0.426,157.7902378930556,-27.396777799346662,0.3463544205889971,147.59324551747468,0,0,0
10,0.427,157.95321984553092,-27.35835646220258,0.3515118798280912,147.19679215182637,0,0,0
10,0.428,158.1162017980063,-27.320531359416805,0.35665965006766,146.80108357858327,0,0,0
10,0.429,158.27918375048165,-27.28329611670543,0.36179784776329615,146.4061108458159,0,0,0
10,0.43,158.442165702957,-27.246644516681712,0.36692658854803767,146.01186506482438,0,0,0
10,0.431,158.60514765543238,-27.21057049456826,0.37204598724414695,145.61833740923313,0,0,0
10,0.432,158.76812960790772,-27.175068134071697,0.3771561578747426,145.22551911409664,0,0,0
10,0.433,158.9311115603831,-27.140131663412422,0.3822572136752866,144.8334014750165,0,0,0
10,0.434,159.09409351285845,-27.105755451503097,0.38734926710492,144.44197584727004,0,0,0
10,0.435,159.2570754653338,-27.071934004268833,0.3924324298576645,144.05123364494918,0,0,0
10,0.436,159.42005741780918,-27.038661961103497,0.3975068128734802,143.6611663401105,0,0,0
10,0.437,159.58303937028452,-27.005934091456158,0.40257252634918766,143.27176546193564,0,0,0
10,0.438,159.74602132275987,-26.973745291542016,0.40762967974925446,142.88302259590213,0,0,0
10,0.439,159.90900327523522,-26.942090581172973,0.41267838181645394,142.49492938296413,0,0,0
10,0.44,160.0719852277106,-26.910965100702494,0.4177187405823864,142.1074775187435,0,0,0
10,0.441,160.23496718018598,-26.880364108080435,0.42275086337787937,141.7206587527305,0,0,0
10,0.442,160.39794913266132,-26.85028297601302,0.42777485684326144,141.33446488749385,0,0,0
10,0.443,160.56093108513667,-26.820717189223924,0.43279082693851023,140.94888777790106,0,0,0
10,0.444,160.72391303761202,-26.791662341812458,0.43779887895328573,140.5639193303466,0.00014289219143281962,0,0
10,0.445,160.88689499008737,-26.763114134704846,0.44279911751683554,140.17955150199083,0.0003507214161697636,0,0
10,0.446,161.04987694256275,-26.73506837319499,0.4477916466077928,139.79577630000693,0.000647866604945202,0,0
10,0.447,161.21285889503812,-26.7075209645714,0.45277656956385476,139.4125857808366,0.001032385882701048,0,0
10,0.448,161.37584084751347,-26.68046791582671,0.4577539890913506,139.02997204945476,0.0015023519028427579,0,0
10,0.449,161.53882279998882,-26.65390533144685,0.4627240072746969,138.64792725864282,0.002055851846160195,0,0
10,0.45,161.70180475246417,-26.627829411276657,0.4676867255857498,138.2664436082694,0.002690987416728241,0.00007086768011088651,0
10,0.451,161.86478670493955,-26.602236448459305,0.4726422448930422,137.88551334458083,0.003405874834939482,0.0003728672912215458,0
10,0.452,162.0277686574149,-26.577122827446583,0.4775906654709242,137.5051287594979,0.004198644827794196,0.00035632390619744214,0
10,0.453,162.19075060989027,-26.552485022077573,0.4825320870085972,137.125282189922,0.005067442616591089,0.00026876660294283816,0
10,0.454,162.3537325623656,-26.52831959372306,0.4874666086190471,136.74596601704792,0.0060104279021462315,0.00019641121012647922,0
10,0.455,162.51671451484097,-26.50462318949364,0.49239432884788153,136.36717266568488,0.0070257748476607595,0.00013801316557904286,0
10,0.456,162.67969646731635,-26.481392540508793,0.49731534568206376,135.988894603585,0.008111672059358144,0.00009223383166934163,0
10,0.457,162.8426784197917,-26.45862446022517,0.5022297565585567,135.6111243407789,0.009266322565025353,0.000057654798911954686,0
10,0.458,163.00566037226707,-26.43631584282189,0.5071376583728712,135.23385442891856,0.010487943790554732,0.00003279504550324219,0
10,0.459,163.16864232474245,-26.414463661640678,0.512039147487521,134.8570774606273,0.011774767534605157,0.00001613145285284112,0
10,0.46,163.33162427721777,-26.393064967679287,0.5169343197403892,134.48078606885687,0.013125039941495942,0.000006123278442293767,0
10,0.461,163.49460622969315,-26.37211688813625,0.5218232704530062,134.10497292625098,0.014537021472437628,0.0000012413115690890208,0
10,0.462,163.6575881821685,-26.351616625005228,0.5267060944387364,133.72963074451596,0.016008986875193143,0,0
10,0.463,163.82057013464384,-26.3315614537173,0.5315828860108843,133.35475227379771,0.01753922515229056,0,0
10,0.464,163.9835520871192,-26.311948721829705,0.5364537389907139,132.9803303020652,0.019126039527860517,0,0
10,0.465,164.14653403959457,-26.29277584775952,0.5413187467153862,132.6063576545004,0.02076774741320575,0,0
10,0.466,164.3095159920699,-26.27404031956075,0.5461780020458172,132.23282719289423,0.02246268037119936,0,0
10,0.467,164.47249794454527,-26.255739693743607,0.5510315973744522,131.85973181504878,0.024209184079588608,0,0
10,0.468,164.63547989702064,-26.23787159413451,0.555879624632966,131.4870644541856,0.026005618293303723,0,0
10,0.469,164.79846184949596,-26.22043371077569,0.560722175299886,131.11481807835963,0.027850356805841914,0,0
10,0.47,164.96144380197134,-26.20342379886316,0.5655593404081402,130.742985689879,0.02974178740982114,0,0
10,0.471,165.1244257544467,-26.18683967772181,0.570391210552528,130.37156032473064,0.031678311856785824,0.0000011411104423597607,0
10,0.472,165.28740770692207,-26.170679229816677,0.5752178758971238,130.00053505201143,0.03365834581632554,0.000008260612651245225,0
10,0.473,165.4503896593974,-26.15494039979932,0.580039426182606,129.62990297336455,0.03568031883459488,0.000026179371901191573,0
10,0.474,165.61337161187276,-26.13962119358816,0.5848559507335201,129.25965722242128,0.037742674292313705,0.00006132732006158825,0
10,0.475,165.7763535643481,-26.124719677481988,0.5896675384654666,128.88979096424848,0.03984386936229711,0.000122266068567356,0
10,0.476,165.9393355168235,-26.11023397730575,0.5944742778922295,128.52029739480065,0.04198237496661883,0.0002202030925431142,0
10,0.477,166.10231746929887,-26.096162277587418,0.5992762571328353,128.15116974037718,0.04415667573342663,0.0003696390345351297,0
10,0.478,166.26529942177422,-26.082502820765658,0.6040735639185469,127.78240125708483,0.046365269953541066,0.0005891892312750446,0
10,0.479,166.4282813742496,-26.06925390642694,0.6088662855997968,127.41398523030475,0.048606669536826574,0.0009026356802963598,0
10,0.48,166.5912633267249,-26.056413890571687,0.6136545091530548,127.04591497416463,0.05087939996847757,0.00134028732431557,0
10,0.481,166.7542452792003,-26.043981184908645,0.6184383211876415,126.67818383101476,0.053182000265192375,0.0019407580508579159,0
10,0.482,166.91722723167567,-26.031954256176697,0.6232178079524717,126.31078517090992,0.05551302293138605,0.0027533184331081095,0
10,0.483,167.08020918415102,-26.020331625493558,0.6279930553427493,125.94371239109451,0.057871033915413816,0.0038410474747199164,0
10,0.484,167.2431911366264,-26.009111867730674,0.6327641489066002,125.57695891549282,0.0602546125659329,0.005285118538245648,0
10,0.485,167.4061730891017,-25.998293610913777,0.6375311738516489,125.21051819420347,0.06266235158840705,0.007190723117284525,0
10,0.486,167.5691550415771,-25.98787553564839,0.6422942150515447,124.84438370299769,0.06509285700182632,0.00957016204632799,0
10,0.487,167.73213699405247,-25.97785637456987,0.6470533570524256,124.47854894282246,0.06754474809570521,0.012057637495262563,0
10,0.488,167.89511894652782,-25.9682349118175,0.6518086840793378,124.11300743930705,0.07001665738738216,0.014601971856267104,0
10,0.489,168.05810089900316,-25.959009982531867,0.6565602800425988,123.74775274227399,0.07250723057969566,0.017187175922162456,0
10,0.49,168.2210828514785,-25.95018047237551,0.6613082285441112,123.3827784252535,0.0750151265190675,0.01979627751819546,0
10,0.491,168.3840648039539,-25.94174531707582,0.6660526128836296,123.01807808500189,0.07753901715405176,0.02241130698522431,0
10,0.492,168.5470467564292,-25.933703501990408,0.6707935160649716,122.65364534102426,0.08007758749438199,0.02501327932393771,0
10,0.493,168.7100287089046,-25.92605406169392,0.6755310208021909,122.28947383509971,0.08262953557057373,0.02758217303139321,0
10,0.494,168.87301066137994,-25.918796079586453,0.6802652095256958,121.92555723081114,0.08519357239412284,0.0300969056387157,0
10,0.495,169.03599261385529,-25.91192868752278,0.6849961643883274,121.561889213078,0.08776842191833834,0.03253530593684095,0
10,0.496,169.19897456633063,-25.905451065462383,0.689723967271394,121.1984634876926,0.09035282099984121,0.03487408285630411,0
10,0.497,169.361956518806,-25.899362441139804,0.6944486997906543,120.8352737808598,0.09294551936080264,0.03708879094643458,0
10,0.498,169.5249384712814,-25.893662089755008,0.699170443302268,120.47231383873988,0.09554527955191405,0.039153792379125196,0
10,0.499,169.68792042375674,-25.888349333683575,0.7038892789086993,120.10957742699472,0.09815087691617741,0.041042215382032454,0
10,0.5,169.8509023762321,-25.883423542206405,0.7086052874645813,119.74705833033697,0.10076109955350421,0.04272590898576212,0
10,0.501,170.01388432870743,-25.878884131258676,0.713318549582539,119.38475035208228,0.10337474828620796,0.044175393948734376,0
10,0.502,170.1768662811828,-25.874730563197893,0.718029145638979,119.02264731370452,0.10599063662537622,0.04535980970220144,0
10,0.503,170.3398482336582,-25.870962346590794,0.7227371557798324,118.66074305439416,0.10860759073820647,0.046246857135790354,0
10,0.504,170.50283018613354,-25.86757903601889,0.7274426599262706,118.2990314306189,0.11122444941631171,0.04680273702092741,0
10,0.505,170.6658121386089,-25.86458023190251,0.7321457377803773,117.93750631568764,0.11384006404501656,0.04699208384531528,0
10,0.506,170.82879409108423,-25.861965580343192,0.7368464688307906,117.57616159931692,0.11645329857372033,0.04677789480609329,0
10,0.507,170.9917760435596,-25.85973477298432,0.74154493235831,117.21499118719981,0.11906302948732206,0.04612145368208442,0
10,0.508,171.15475799603496,-25.85788754688974,0.7462412074414654,116.8539890005777,0.12166814577875029,0.04498224927657524,0
10,0.509,171.31773994851034,-25.856423684440447,0.7509353729620608,116.565051,0.12375000127487046,0.04375765231313422,0
10,0.51,171.4807219009857,-25.855343013249097,0.7556275076106809,116.565051,0.12375000127487046,0.04402046327634235,0
10,0.511,171.64370385346106,-25.854645406092352,0.7603176898921702,116.565051,0.12375000127487046,0.04418817098819572,0
10,0.512,171.8066858059364,-25.854330780861016,0.7650059981310803,116.565051,0.12375000127487024,0.04426330889806951,0
10,0.513,171.96966775841176,-25.85439910052778,0.7696925104770879,116.565051,0.12375000127487135,0.04424701937147191,0
10,0.514,172.13264971088714,-25.854850373132766,0.7743773049103886,116.565051,0.12375000127487024,0.04413905436056842,0
10,0.515,172.2956316633625,-25.85568465178659,0.7790604592470555,116.565051,0.12375000127487112,0.043937775258618084,0
10,0.516,172.45861361583783,-25.8569020346913,0.7837420511443782,116.565051,0.12375000127487046,0.04364015193806203,0
10,0.517,172.6215955683132,-25.858502665178793,0.788422158106172,116.565051,0.12375000127487046,0.043241760971414855,0
10,0.518,172.78457752078856,-25.860486731767104,0.7931008574880667,116.565051,0.12375000127487046,0.0427367830330696,0
10,0.519,172.9475594732639,-25.862854468234367,0.7977782265027631,116.565051,0.12375000127487046,0.042117999479471147,0
10,0.52,173.11054142573926,-25.86560615371068,0.8024543422252732,116.565051,0.12375000127487046,0.04137678810415868,0
10,0.521,173.27352337821463,-25.86874211278785,0.8071292815981358,116.565051,0.12375000127487112,0.04050311806344964,0
10,0.522,173.43650533069,-25.87226271564718,0.8118031214366075,116.565051,0.12374268711062997,0.03948554396755699,0
10,0.523,173.59948728316533,-25.876168378205296,0.8164759384338353,116.565051,0.12369564559017765,0.03831119913129721,0
10,0.524,173.7624692356407,-25.880459562278347,0.8211478091660103,116.565051,0.1235937118534578,0.036965787977385256,0
10,0.525,173.92545118811606,-25.885136775764497,0.8258188100974948,116.565051,0.12342268384569999,0.0354335775847483,0
10,0.526,174.08843314059143,-25.890200572845032,0.8304890175859386,116.565051,0.12316705350815904,0.033697388373179926,0
10,0.527,174.25141509306675,-25.895651554204143,0.8351585078873709,116.565051,0.1228099975524437,0.031738583914883156,0
10,0.528,174.41439704554213,-25.901490367267684,0.8398273571612815,116.565051,0.12233336743475864,0.029537059862443815,0
10,0.529,174.57737899801748,-25.907717706461053,0.8444956414756756,116.565051,0.12171767851977977,0.027071231981924848,0
10,0.53,174.74036095049286,-25.91433431348642,0.849163436812122,116.565051,0.1209420984230054,0.024318023278787182,0
10,0.531,174.90334290296823,-25.92134097761958,0.8538308190707796,116.565051,0.1199870034345143,0.021252850203314466,0
10,0.532,175.06632485544358,-25.92873853602666,0.8584978640754145,116.565051,0.11893020937635801,0.017849607921346378,0
10,0.533,175.22930680791896,-25.936527874101056,0.863164647578397,116.565051,0.11781744679430206,0.01408065463492636,0
10,0.534,175.39228876039428,-25.944709925820757,0.8678312452656913,116.565051,0.1166485822629173,0.009916794936649431,0
10,0.535,175.55527071286966,-25.95328567412645,0.8724977327618324,116.565051,0.11542347536210285,0.005416771368004891,0
10,0.536,175.71825266534503,-25.96225615132089,0.8771641856348835,116.565051,0.11414197862003905,0.001954453739719142,0
10,0.537,175.88123461782038,-25.971622439489536,0.8818306794013924,116.565051,0.11280393745309047,0.00018286922391919092,0
10,0.538,176.04421657029573,-25.98138567094331,0.8864972895313318,116.565051,0.11140919010255113,0,0
10,0.539,176.20719852277108,-25.991547028683474,0.8911640914530335,116.565051,0.10995756756824249,0,0
10,0.54,176.37018047524646,-26.002107746889287,0.8958311605581079,116.565051,0.10844889353884013,0,0
10,0.541,176.53316242772183,-26.01306911142886,0.900498572206361,116.565051,0.10688298431890075,0,0
10,0.542,176.69614438019715,-26.02443246039359,0.9051664017307018,116.565051,0.1052596487525117,0,0
10,0.543,176.85912633267253,-26.03619918465684,0.9098347244420418,116.565051,0.10357868814347637,0,0
10,0.544,177.02210828514788,-26.048370728457225,0.9145036156341898,116.565051,0.10183989617199263,0,0
10,0.545,177.1850902376232,-26.06094859000717,0.9191731505887392,116.565051,0.10004305880771436,0,0
10,0.546,177.34807219009858,-26.073934322127297,0.923843404579955,116.565051,0.09818795421912552,0,0
10,0.547,177.51105414257395,-26.087329532907233,0.9285144528796481,116.565051,0.09643068695843016,0,0
10,0.548,177.6740360950493,-26.10113588639351,0.9331863707620559,116.565051,0.09560201263195012,0,0
10,0.549,177.83701804752465,-26.1153551033052,0.9378592335087124,116.565051,0.09590821866322363,0,0
10,0.55,178,-26.33684668413936,0.942533116413322,116.565051,0.12375000127487024,0.040198460942595604,0
10,0.551,178.01333333333335,-26.33684668413936,0.9429155279141338,116.565051,0.12375000127487024,0.040198460942595604,0
10,0.552,178.0266666666667,-26.33684668413936,0.9432979467877678,116.565051,0.12375000127487024,0.040198460942595604,0
10,0.553,178.04000000000002,-26.33684668413936,0.9436803730754637,116.565051,0.12375000127487024,0.040198460942595604,0
10,0.554,178.05333333333337,-26.33684668413936,0.9440628068184634,116.565051,0.12375000127487024,0.040198460942595604,0
10,0.555,178.0666666666667,-26.33684668413936,0.9444452480580111,116.565051,0.12375000127487024,0.040198460942595604,0
10,0.556,178.08,-26.33684668413936,0.9448276968353491,116.565051,0.12375000127487024,0.040198460942595604,0
10,0.557,178.0933333333334,-26.33684668413936,0.9452101531917233,116.565051,0.12375000127487024,0.040198460942595604,0
10,0.558,178.1066666666667,-26.33684668413936,0.9455926171683785,116.565051,0.12375000127487024,0.040198460942595604,0
10,0.559,178.12,-26.33684668413936,0.9459750888065626,116.565051,0.12375000127487024,0.040198460942595604,0
10,0.56,178.13333333333335,-26.33684668413936,0.9463575681475244,116.565051,0.12375000127487024,0.040198460942595604,0
10,0.561,178.1466666666667,-26.33684668413936,0.9467400552325123,116.565051,0.12375000127487024,0.040198460942595604,0
10,0.562,178.16000000000003,-26.33684668413936,0.9471225501027768,116.565051,0.12375000127487024,0.040198460942595604,0
10,0.563,178.17333333333335,-26.33684668413936,0.9475050527995711,116.565051,0.12375000127487024,0.040198460942595604,0
10,0.564,178.18666666666667,-26.33684668413936,0.9478875633641459,116.565051,0.12375000127487024,0.040198460942595604,0
10,0.565,178.20000000000002,-26.33684668413936,0.9482700818377569,116.565051,0.12375000127487024,0.040198460942595604,0
10,0.566,178.21333333333337,-26.33684668413936,0.9486526082616593,116.565051,0.12375000127487024,0.040198460942595604,0
10,0.567,178.2266666666667,-26.33684668413936,0.949035142677109,116.565051,0.12375000127487024,0.040198460942595604,0
10,0.568,178.24000000000004,-26.33684668413936,0.9494176851253641,116.565051,0.12375000127487024,0.040198460942595604,0
10,0.569,178.25333333333336,-26.33684668413936,0.9498002356476847,116.565051,0.12375000127487024,0.040198460942595604,0
10,0.57,178.26666666666668,-26.33684668413936,0.9501827942853296,116.565051,0.12375000127487024,0.040198460942595604,0
10,0.571,178.28000000000003,-26.33684668413936,0.9505653610795624,116.565051,0.12375000127487024,0.040198460942595604,0
10,0.572,178.29333333333338,-26.33684668413936,0.9509479360716444,116.565051,0.12375000127487024,0.040198460942595604,0
10,0.573,178.30666666666667,-26.33684668413936,0.9513305193028413,116.565051,0.12375000127487024,0.040198460942595604,0
10,0.574,178.32000000000002,-26.33684668413936,0.9517131108144189,116.565051,0.12375000127487024,0.040198460942595604,0
10,0.575,178.33333333333334,-26.33684668413936,0.9520957106476436,116.565051,0.12375000127487024,0.040198460942595604,0
10,0.576,178.3466666666667,-26.33684668413936,0.9524783188437845,116.565051,0.12375000127487024,0.040198460942595604,0
10,0.577,178.36,-26.33684668413936,0.9528609354441127,116.565051,0.12375000127487024,0.040198460942595604,0
10,0.578,178.37333333333333,-26.33684668413936,0.9532435604898976,116.565051,0.12375000127487024,0.040198460942595604,0
10,0.579,178.38666666666666,-26.33684668413936,0.9536261940224133,116.565051,0.12375000127487024,0.040198460942595604,0
10,0.58,178.40000000000003,-26.33684668413936,0.9540088360829354,116.565051,0.12375000127487024,0.040198460942595604,0
10,0.581,178.41333333333336,-26.33684668413936,0.9543914867127379,116.565051,0.12375000127487024,0.040198460942595604,0
10,0.582,178.42666666666668,-26.33684668413936,0.954774145953099,116.565051,0.12375000127487024,0.040198460942595604,0
10,0.583,178.44000000000003,-26.33684668413936,0.9551568138452985,116.565051,0.12375000127487024,0.040198460942595604,0
10,0.584,178.45333333333335,-26.33684668413936,0.9555394904306158,116.565051,0.12375000127487024,0.040198460942595604,0
10,0.585,178.4666666666667,-26.33684668413936,0.9559221757503342,116.565051,0.12375000127487024,0.040198460942595604,0
10,0.586,178.48000000000005,-26.33684668413936,0.956304869845736,116.565051,0.12375000127487024,0.040198460942595604,0
10,0.587,178.49333333333334,-26.33684668413936,0.9566875727581071,116.565051,0.12375000127487024,0.040198460942595604,0
10,0.588,178.5066666666667,-26.33684668413936,0.9570702845287357,116.565051,0.12375000127487024,0.040198460942595604,0
10,0.589,178.52,-26.33684668413936,0.9574530051989083,116.565051,0.12375000127487024,0.040198460942595604,0
10,0.59,178.53333333333336,-26.33684668413936,0.9578357348099162,116.565051,0.12375000127487024,0.040198460942595604,0
10,0.591,178.54666666666668,-26.33684668413936,0.9582184734030522,116.565051,0.12375000127487024,0.040198460942595604,0
10,0.592,178.56,-26.33684668413936,0.9586012210196081,116.565051,0.12375000127487024,0.040198460942595604,0
10,0.593,178.57333333333332,-26.33684668413936,0.9589839777008802,116.565051,0.12375000127487024,0.040198460942595604,0
10,0.594,178.5866666666667,-26.33684668413936,0.9593667434881661,116.565051,0.12375000127487024,0.040198460942595604,0
10,0.595,178.60000000000002,-26.33684668413936,0.9597495184227636,116.565051,0.12375000127487024,0.040198460942595604,0
10,0.596,178.61333333333334,-26.33684668413936,0.9601323025459741,116.565051,0.12375000127487024,0.040198460942595604,0
10,0.597,178.6266666666667,-26.33684668413936,0.9605150958990991,116.565051,0.12375000127487024,0.040198460942595604,0
10,0.598,178.64000000000001,-26.33684668413936,0.9608978985234431,116.565051,0.12375000127487024,0.040198460942595604,0
10,0.599,178.65333333333336,-26.33684668413936,0.9612807104603132,116.565051,0.12375000127487024,0.040198460942595604,0
10,0.6,178.66666666666666,-26.33684668413936,0.9616635317510153,116.565051,0.12375000127487024,0.040198460942595604,0
10,0.601,178.67999999999998,-26.33684668413936,0.96204636243686,116.565051,0.12375000127487024,0.040198460942595604,0
10,0.602,178.69333333333336,-26.33684668413936,0.9624292025591595,116.565051,0.12375000127487024,0.040198460942595604,0
10,0.603,178.70666666666668,-26.33684668413936,0.962812052159226,116.565051,0.12375000127487024,0.040198460942595604,0
10,0.604,178.72,-26.33684668413936,0.9631949112783756,116.565051,0.12375000127487024,0.040198460942595604,0
10,0.605,178.73333333333335,-26.33684668413936,0.9635777799579262,116.565051,0.12375000127487024,0.040198460942595604,0
10,0.606,178.74666666666667,-26.33684668413936,0.9639606582391953,116.565051,0.12375000127487024,0.040198460942595604,0
10,0.607,178.76,-26.33684668413936,0.9643435461635055,116.565051,0.12375000127487024,0.040198460942595604,0
10,0.608,178.77333333333337,-26.33684668413936,0.96472644377218,116.565051,0.12375000127487024,0.040198460942595604,0
10,0.609,178.7866666666667,-26.33684668413936,0.9651093511065426,116.565051,0.12375000127487024,0.040198460942595604,0
10,0.61,178.8,-26.33684668413936,0.9654922682079226,116.565051,0.12375000127487024,0.040198460942595604,0
10,0.611,178.81333333333333,-26.33684668413936,0.965875195117647,116.565051,0.12375000127487024,0.040198460942595604,0
10,0.612,178.82666666666668,-26.33684668413936,0.966258131877048,116.565051,0.12375000127487024,0.040198460942595604,0
10,0.613,178.84000000000003,-26.33684668413936,0.96664107852746,116.565051,0.12375000127487024,0.040198460942595604,0
10,0.614,178.85333333333332,-26.33684668413936,0.9670240351102164,116.565051,0.12375000127487024,0.040198460942595604,0
10,0.615,178.86666666666665,-26.33684668413936,0.9674070016666563,116.565051,0.12375000127487024,0.040198460942595604,0
10,0.616,178.88000000000002,-26.33684668413936,0.967789978238119,116.565051,0.12375000127487024,0.040198460942595604,0
10,0.617,178.89333333333335,-26.33684668413936,0.9681729648659456,116.565051,0.12375000127487024,0.040198460942595604,0
10,0.618,178.90666666666667,-26.33684668413936,0.9685559615914807,116.565051,0.12375000127487024,0.040198460942595604,0
10,0.619,178.92000000000002,-26.33684668413936,0.9689389684560712,116.565051,0.12375000127487024,0.040198460942595604,0
10,0.62,178.93333333333334,-26.33684668413936,0.9693219855010635,116.565051,0.12375000127487024,0.040198460942595604,0
10,0.621,178.9466666666667,-26.33684668413936,0.9697050127678104,116.565051,0.12375000127487024,0.040198460942595604,0
10,0.622,178.96000000000004,-26.33684668413936,0.9700880502976623,116.565051,0.12375000127487024,0.040198460942595604,0
10,0.623,178.97333333333336,-26.33684668413936,0.9704710981319754,116.565051,0.12375000127487024,0.040198460942595604,0
10,0.624,178.98666666666668,-26.33684668413936,0.9708541563121081,116.565051,0.12375000127487024,0.040198460942595604,0
10,0.625,179,-26.33684668413936,0.9712372248794182,116.565051,0.12375000127487024,0.040198460942595604,0
10,0.626,179.01333333333335,-26.33684668413936,0.9716203038752679,116.565051,0.12375000127487024,0.040198460942595604,0
10,0.627,179.0266666666667,-26.33684668413936,0.9720033933410227,116.565051,0.12375000127487024,0.040198460942595604,0
10,0.628,179.04,-26.33684668413936,0.9723864933180473,116.565051,0.12375000127487024,0.040198460942595604,0
10,0.629,179.0533333333333,-26.33684668413936,0.9727696038477116,116.565051,0.12375000127487024,0.040198460942595604,0
10,0.63,179.0666666666667,-26.33684668413936,0.9731527249713874,116.565051,0.12375000127487024,0.040198460942595604,0
10,0.631,179.08,-26.33684668413936,0.9735358567304467,116.565051,0.12375000127487024,0.040198460942595604,0
10,0.632,179.09333333333333,-26.33684668413936,0.9739189991662677,116.565051,0.12375000127487024,0.040198460942595604,0
10,0.633,179.10666666666665,-26.33684668413936,0.9743021523202269,116.565051,0.12375000127487024,0.040198460942595604,0
10,0.634,179.12,-26.33684668413936,0.974685316233706,116.565051,0.12375000127487024,0.040198460942595604,0
10,0.635,179.13333333333335,-26.33684668413936,0.9750684909480893,116.565051,0.12375000127487024,0.040198460942595604,0
10,0.636,179.14666666666668,-26.33684668413936,0.9754516765047612,116.565051,0.12375000127487024,0.040198460942595604,0
10,0.637,179.16000000000003,-26.33684668413936,0.9758348729451106,116.565051,0.12375000127487024,0.040198460942595604,0
10,0.638,179.17333333333335,-26.33684668413936,0.9762180803105297,116.565051,0.12375000127487024,0.040198460942595604,0
10,0.639,179.18666666666667,-26.33684668413936,0.9766012986424097,116.565051,0.12375000127487024,0.040198460942595604,0
10,0.64,179.2,-26.33684668413936,0.9769845279821477,116.565051,0.12375000127487024,0.040198460942595604,0
10,0.641,179.21333333333337,-26.33684668413936,0.977367768371143,116.565051,0.12375000127487024,0.040198460942595604,0
10,0.642,179.22666666666666,-26.33684668413936,0.9777510198507953,116.565051,0.12375000127487024,0.040198460942595604,0
10,0.643,179.23999999999998,-26.33684668413936,0.9781342824625093,116.565051,0.12375000127487024,0.040198460942595604,0
10,0.644,179.25333333333336,-26.33684668413936,0.9785175562476914,116.565051,0.12375000127487024,0.040198460942595604,0
10,0.645,179.26666666666668,-26.33684668413936,0.9789008412477499,116.565051,0.12375000127487024,0.040198460942595604,0
10,0.646,179.28,-26.33684668413936,0.9792841375040975,116.565051,0.12375000127487024,0.040198460942595604,0
10,0.647,179.29333333333332,-26.33684668413936,0.9796674450581474,116.565051,0.12375000127487024,0.040198460942595604,0
10,0.648,179.30666666666667,-26.33684668413936,0.980050763951317,116.565051,0.12375000127487024,0.040198460942595604,0
10,0.649,179.32000000000002,-26.33684668413936,0.9804340942250273,116.565051,0.12375000127487024,0.040198460942595604,0
10,0.65,179.33333333333334,-26.33684668413936,0.9808174359206989,116.565051,0.12375000127487024,0.040198460942595604,0
10,0.651,179.3466666666667,-26.33684668413936,0.981200789079758,116.565051,0.12375000127487024,0.040198460942595604,0
10,0.652,179.36,-26.33684668413936,0.9815841537436333,116.565051,0.12375000127487024,0.040198460942595604,0
10,0.653,179.37333333333333,-26.33684668413936,0.9819675299537541,116.565051,0.12375000127487024,0.040198460942595604,0
10,0.654,179.38666666666666,-26.33684668413936,0.9823509177515547,116.565051,0.12375000127487024,0.040198460942595604,0
10,0.655,179.40000000000003,-26.33684668413936,0.9827343171784726,116.565051,0.12375000127487024,0.040198460942595604,0
10,0.656,179.41333333333333,-26.33684668413936,0.9831177282759452,116.565051,0.12375000127487024,0.040198460942595604,0
10,0.657,179.42666666666668,-26.33684668413936,0.9835011510854161,116.565051,0.12375000127487024,0.040198460942595604,0
10,0.658,179.44000000000003,-26.33684668413936,0.9838845856483293,116.565051,0.12375000127487024,0.040198460942595604,0
10,0.659,179.45333333333335,-26.33684668413936,0.9842680320061327,116.565051,0.12375000127487024,0.040198460942595604,0
10,0.66,179.46666666666667,-26.33684668413936,0.9846514902002785,116.565051,0.12375000127487024,0.040198460942595604,0
10,0.661,179.48,-26.33684668413936,0.9850349602722184,116.565051,0.12375000127487024,0.040198460942595604,0
10,0.662,179.4933333333333,-26.33684668413936,0.9854184422634104,116.565051,0.12375000127487024,0.040198460942595604,0
10,0.663,179.5066666666667,-26.33684668413936,0.9858019362153144,116.565051,0.12375000127487024,0.040198460942595604,0
10,0.664,179.52,-26.33684668413936,0.9861854421693921,116.565051,0.12375000127487024,0.040198460942595604,0
10,0.665,179.53333333333333,-26.33684668413936,0.9865689601671093,116.565051,0.12375000127487024,0.040198460942595604,0
10,0.666,179.54666666666668,-26.33684668413936,0.9869524902499351,116.565051,0.12375000127487024,0.040198460942595604,0
10,0.667,179.56,-26.33684668413936,0.9873360324593407,116.565051,0.12375000127487024,0.040198460942595604,0
10,0.668,179.57333333333332,-26.33684668413936,0.9877195868368012,116.565051,0.12375000127487024,0.040198460942595604,0
10,0.669,179.5866666666667,-26.33684668413936,0.9881031534237946,116.565051,0.12375000127487024,0.040198460942595604,0
10,0.67,179.6,-26.33684668413936,0.9884867322618012,116.565051,0.12375000127487024,0.040198460942595604,0
10,0.671,179.61333333333334,-26.33684668413936,0.9888703233923057,116.565051,0.12375000127487024,0.040198460942595604,0
10,0.672,179.62666666666667,-26.33684668413936,0.9892539268567943,116.565051,0.12375000127487024,0.040198460942595604,0
10,0.673,179.64000000000001,-26.33684668413936,0.9896375426967577,116.565051,0.12375000127487024,0.040198460942595604,0
10,0.674,179.65333333333334,-26.33684668413936,0.99002117095369,116.565051,0.12375000127487024,0.040198460942595604,0
10,0.675,179.66666666666666,-26.33684668413936,0.9904048116690869,116.565051,0.12375000127487024,0.040198460942595604,0
10,0.676,179.67999999999998,-26.33684668413936,0.9907884648844484,116.565051,0.12375000127487024,0.040198460942595604,0
10,0.677,179.69333333333336,-26.33684668413936,0.9911721306412787,116.565051,0.12375000127487024,0.040198460942595604,0
10,0.678,179.70666666666668,-26.33684668413936,0.991555808981082,116.565051,0.12375000127487024,0.040198460942595604,0
10,0.679,179.72,-26.33684668413936,0.991939499945369,116.565051,0.12375000127487024,0.040198460942595604,0
10,0.68,179.73333333333335,-26.33684668413936,0.9923232035756534,116.565051,0.12375000127487024,0.040198460942595604,0
10,0.681,179.74666666666667,-26.33684668413936,0.9927069199134495,116.565051,0.12375000127487024,0.040198460942595604,0
10,0.682,179.76000000000002,-26.33684668413936,0.9930906490002782,116.565051,0.12375000127487024,0.040198460942595604,0
10,0.683,179.77333333333337,-26.33684668413936,0.993474390877661,116.565051,0.12375000127487024,0.040198460942595604,0
10,0.684,179.78666666666666,-26.33684668413936,0.993858145587124,116.565051,0.12375000127487024,0.040198460942595604,0
10,0.685,179.8,-26.33684668413936,0.9942419131701977,116.565051,0.12375000127487024,0.040198460942595604,0
10,0.686,179.81333333333333,-26.33684668413936,0.9946256936684141,116.565051,0.12375000127487024,0.040198460942595604,0
10,0.687,179.82666666666668,-26.33684668413936,0.9950094871233093,116.565051,0.12375000127487024,0.040198460942595604,0
10,0.688,179.84,-26.33684668413936,0.9953932935764238,116.565051,0.12375000127487024,0.040198460942595604,0
10,0.689,179.85333333333332,-26.33684668413936,0.9957771130692994,116.565051,0.12375000127487024,0.040198460942595604,0
10,0.69,179.86666666666665,-26.33684668413936,0.9961609456434829,116.565051,0.12375000127487024,0.040198460942595604,0
10,0.691,179.88000000000002,-26.33684668413936,0.9965447913405254,116.565051,0.12375000127487024,0.040198460942595604,0
10,0.692,179.89333333333335,-26.33684668413936,0.9969286502019788,116.565051,0.12375000127487024,0.040198460942595604,0
10,0.693,179.90666666666667,-26.33684668413936,0.9973125222694007,116.565051,0.12375000127487024,0.040198460942595604,0
10,0.694,179.92,-26.33684668413936,0.9976964075843519,116.565051,0.12375000127487024,0.040198460942595604,0
10,0.695,179.93333333333334,-26.33684668413936,0.9980803061883956,116.565051,0.12375000127487024,0.040198460942595604,0
10,0.696,179.9466666666667,-26.33684668413936,0.9984642181231005,116.565051,0.12375000127487024,0.040198460942595604,0
10,0.697,179.95999999999998,-26.33684668413936,0.9988481434300364,116.565051,0.12375000127487024,0.040198460942595604,0
10,0.698,179.9733333333333,-26.33684668413936,0.9992320821507787,116.565051,0.12375000127487024,0.040198460942595604,0
10,0.699,179.98666666666668,-26.33684668413936,0.9996160343269064,116.565051,0.12375000127487024,0.040198460942595604,0
10,0.7,180,-26.33684668413936,0.9999999999999998,116.565051,0.12375000127487024,0.040198460942595604,0
10,0.701,180,-26.33684668413936,0.9999999999999998,116.565051,0.12375000127487024,0.040198460942595604,0
10,0.702,180,-26.33684668413936,0.9999999999999998,116.565051,0.12375000127487024,0.040198460942595604,0
10,0.703,180,-26.33684668413936,0.9999999999999998,116.565051,0.12375000127487024,0.040198460942595604,0
10,0.704,180,-26.33684668413936,0.9999999999999998,116.565051,0.12375000127487024,0.040198460942595604,0
10,0.705,180,-26.33684668413936,0.9999999999999998,116.565051,0.12375000127487024,0.040198460942595604,0
10,0.706,180,-26.33684668413936,0.9999999999999998,116.565051,0.12375000127487024,0.040198460942595604,0
10,0.707,180,-26.33684668413936,0.9999999999999998,116.565051,0.12375000127487024,0.040198460942595604,0
10,0.708,180,-26.33684668413936,0.9999999999999998,116.565051,0.12375000127487024,0.040198460942595604,0
10,0.709,180,-26.33684668413936,0.9999999999999998,116.565051,0.12375000127487024,0.040198460942595604,0
10,0.71,180,-26.33684668413936,0.9999999999999998,116.565051,0.12375000127487024,0.040198460942595604,0
10,0.711,180,-26.33684668413936,0.9999999999999998,116.565051,0.12375000127487024,0.040198460942595604,0
10,0.712,180,-26.33684668413936,0.9999999999999998,116.565051,0.12375000127487024,0.040198460942595604,0
10,0.713,180,-26.33684668413936,0.9999999999999998,116.565051,0.12375000127487024,0.040198460942595604,0
10,0.714,180,-26.33684668413936,0.9999999999999998,116.565051,0.12375000127487024,0.040198460942595604,0
10,0.715,180,-26.33684668413936,0.9999999999999998,116.565051,0.12375000127487024,0.040198460942595604,0
10,0.716,180,-26.33684668413936,0.9999999999999998,116.565051,0.12375000127487024,0.040198460942595604,0
10,0.717,180,-26.33684668413936,0.9999999999999998,116.565051,0.12375000127487024,0.040198460942595604,0
10,0.718,180,-26.33684668413936,0.9999999999999998,116.565051,0.12375000127487024,0.040198460942595604,0
10,0.719,180,-26.33684668413936,0.9999999999999998,116.565051,0.12375000127487024,0.040198460942595604,0
10,0.72,180,-26.33684668413936,0.9999999999999998,116.565051,0.12375000127487024,0.040198460942595604,0
10,0.721,180,-26.33684668413936,0.9999999999999998,116.565051,0.12375000127487024,0.040198460942595604,0
10,0.722,180,-26.33684668413936,0.9999999999999998,116.565051,0.12375000127487024,0.040198460942595604,0
10,0.723,180,-26.33684668413936,0.9999999999999998,116.565051,0.12375000127487024,0.040198460942595604,0
10,0.724,180,-26.33684668413936,0.9999999999999998,116.565051,0.12375000127487024,0.040198460942595604,0
10,0.725,180,-26.33684668413936,0.9999999999999998,116.565051,0.12375000127487024,0.040198460942595604,0
10,0.726,180,-26.33684668413936,0.9999999999999998,116.565051,0.12375000127487024,0.040198460942595604,0
10,0.727,180,-26.33684668413936,0.9999999999999998,116.565051,0.12375000127487024,0.040198460942595604,0
10,0.728,180,-26.33684668413936,0.9999999999999998,116.565051,0.12375000127487024,0.040198460942595604,0
10,0.729,180,-26.33684668413936,0.9999999999999998,116.565051,0.12375000127487024,0.040198460942595604,0
10,0.73,180,-26.33684668413936,0.9999999999999998,116.565051,0.12375000127487024,0.040198460942595604,0
10,0.731,180,-26.33684668413936,0.9999999999999998,116.565051,0.12375000127487024,0.040198460942595604,0
10,0.732,180,-26.33684668413936,0.9999999999999998,116.565051,0.12375000127487024,0.040198460942595604,0
10,0.733,180,-26.33684668413936,0.9999999999999998,116.565051,0.12375000127487024,0.040198460942595604,0
10,0.734,180,-26.33684668413936,0.9999999999999998,116.565051,0.12375000127487024,0.040198460942595604,0
10,0.735,180,-26.33684668413936,0.9999999999999998,116.565051,0.12375000127487024,0.040198460942595604,0
10,0.736,180,-26.33684668413936,0.9999999999999998,116.565051,0.12375000127487024,0.040198460942595604,0
10,0.737,180,-26.33684668413936,0.9999999999999998,116.565051,0.12375000127487024,0.040198460942595604,0
10,0.738,180,-26.33684668413936,0.9999999999999998,116.565051,0.12375000127487024,0.040198460942595604,0
10,0.739,180,-26.33684668413936,0.9999999999999998,116.565051,0.12375000127487024,0.040198460942595604,0
10,0.74,180,-26.33684668413936,0.9999999999999998,116.565051,0.12375000127487024,0.040198460942595604,0
10,0.741,180,-26.33684668413936,0.9999999999999998,116.565051,0.12375000127487024,0.040198460942595604,0
10,0.742,180,-26.33684668413936,0.9999999999999998,116.565051,0.12375000127487024,0.040198460942595604,0
10,0.743,180,-26.33684668413936,0.9999999999999998,116.565051,0.12375000127487024,0.040198460942595604,0
10,0.744,180,-26.33684668413936,0.9999999999999998,116.565051,0.12375000127487024,0.040198460942595604,0
10,0.745,180,-26.33684668413936,0.9999999999999998,116.565051,0.12375000127487024,0.040198460942595604,0
10,0.746,180,-26.33684668413936,0.9999999999999998,116.565051,0.12375000127487024,0.040198460942595604,0
10,0.747,180,-26.33684668413936,0.9999999999999998,116.565051,0.12375000127487024,0.040198460942595604,0
10,0.748,180,-26.33684668413936,0.9999999999999998,116.565051,0.12375000127487024,0.040198460942595604,0
10,0.749,180,-26.33684668413936,0.9999999999999998,116.565051,0.12375000127487024,0.040198460942595604,0
10,0.75,180,-26.33684668413936,0.9999999999999998,116.565051,0.12375000127487024,0.040198460942595604,0
10,0.751,180,-26.33684668413936,0.9999999999999998,116.565051,0.12375000127487024,0.040198460942595604,0
10,0.752,180,-26.33684668413936,0.9999999999999998,116.565051,0.12375000127487024,0.040198460942595604,0
10,0.753,180,-26.33684668413936,0.9999999999999998,116.565051,0.12375000127487024,0.040198460942595604,0
10,0.754,180,-26.33684668413936,0.9999999999999998,116.565051,0.12375000127487024,0.040198460942595604,0
10,0.755,180,-26.33684668413936,0.9999999999999998,116.565051,0.12375000127487024,0.040198460942595604,0
10,0.756,180,-26.33684668413936,0.9999999999999998,116.565051,0.12375000127487024,0.040198460942595604,0
10,0.757,180,-26.33684668413936,0.9999999999999998,116.565051,0.12375000127487024,0.040198460942595604,0
10,0.758,180,-26.33684668413936,0.9999999999999998,116.565051,0.12375000127487024,0.040198460942595604,0
10,0.759,180,-26.33684668413936,0.9999999999999998,116.565051,0.12375000127487024,0.040198460942595604,0
10,0.76,180,-26.33684668413936,0.9999999999999998,116.565051,0.12375000127487024,0.040198460942595604,0
10,0.761,180,-26.33684668413936,0.9999999999999998,116.565051,0.12375000127487024,0.040198460942595604,0
10,0.762,180,-26.33684668413936,0.9999999999999998,116.565051,0.12375000127487024,0.040198460942595604,0
10,0.763,180,-26.33684668413936,0.9999999999999998,116.565051,0.12375000127487024,0.040198460942595604,0
10,0.764,180,-26.33684668413936,0.9999999999999998,116.565051,0.12375000127487024,0.040198460942595604,0
10,0.765,180,-26.33684668413936,0.9999999999999998,116.565051,0.12375000127487024,0.040198460942595604,0
10,0.766,180,-26.33684668413936,0.9999999999999998,116.565051,0.12375000127487024,0.040198460942595604,0
10,0.767,180,-26.33684668413936,0.9999999999999998,116.565051,0.12375000127487024,0.040198460942595604,0
10,0.768,180,-26.33684668413936,0.9999999999999998,116.565051,0.12375000127487024,0.040198460942595604,0
10,0.769,180,-26.33684668413936,0.9999999999999998,116.565051,0.12375000127487024,0.040198460942595604,0
10,0.77,180,-26.33684668413936,0.9999999999999998,116.565051,0.12375000127487024,0.040198460942595604,0
10,0.771,180,-26.33684668413936,0.9999999999999998,116.565051,0.12375000127487024,0.040198460942595604,0
10,0.772,180,-26.33684668413936,0.9999999999999998,116.565051,0.12375000127487024,0.040198460942595604,0
10,0.773,180,-26.33684668413936,0.9999999999999998,116.565051,0.12375000127487024,0.040198460942595604,0
10,0.774,180,-26.33684668413936,0.9999999999999998,116.565051,0.12375000127487024,0.040198460942595604,0
10,0.775,180,-26.33684668413936,0.9999999999999998,116.565051,0.12375000127487024,0.040198460942595604,0
10,0.776,180,-26.33684668413936,0.9999999999999998,116.565051,0.12375000127487024,0.040198460942595604,0
10,0.777,180,-26.33684668413936,0.9999999999999998,116.565051,0.12375000127487024,0.040198460942595604,0
10,0.778,180,-26.33684668413936,0.9999999999999998,116.565051,0.12375000127487024,0.040198460942595604,0
10,0.779,180,-26.33684668413936,0.9999999999999998,116.565051,0.12375000127487024,0.040198460942595604,0
10,0.78,180,-26.33684668413936,0.9999999999999998,116.565051,0.12375000127487024,0.040198460942595604,0
10,0.781,180,-26.33684668413936,0.9999999999999998,116.565051,0.12375000127487024,0.040198460942595604,0
10,0.782,180,-26.33684668413936,0.9999999999999998,116.565051,0.12375000127487024,0.040198460942595604,0
10,0.783,180,-26.33684668413936,0.9999999999999998,116.565051,0.12375000127487024,0.040198460942595604,0
10,0.784,180,-26.33684668413936,0.9999999999999998,116.565051,0.12375000127487024,0.040198460942595604,0
10,0.785,180,-26.33684668413936,0.9999999999999998,116.565051,0.12375000127487024,0.040198460942595604,0
10,0.786,180,-26.33684668413936,0.9999999999999998,116.565051,0.12375000127487024,0.040198460942595604,0
10,0.787,180,-26.33684668413936,0.9999999999999998,116.565051,0.12375000127487024,0.040198460942595604,0
10,0.788,180,-26.33684668413936,0.9999999999999998,116.565051,0.12375000127487024,0.040198460942595604,0
10,0.789,180,-26.33684668413936,0.9999999999999998,116.565051,0.12375000127487024,0.040198460942595604,0
10,0.79,180,-26.33684668413936,0.9999999999999998,116.565051,0.12375000127487024,0.040198460942595604,0
10,0.791,180,-26.33684668413936,0.9999999999999998,116.565051,0.12375000127487024,0.040198460942595604,0
10,0.792,180,-26.33684668413936,0.9999999999999998,116.565051,0.12375000127487024,0.040198460942595604,0
10,0.793,180,-26.33684668413936,0.9999999999999998,116.565051,0.12375000127487024,0.040198460942595604,0
10,0.794,180,-26.33684668413936,0.9999999999999998,116.565051,0.12375000127487024,0.040198460942595604,0
10,0.795,180,-26.33684668413936,0.9999999999999998,116.565051,0.12375000127487024,0.040198460942595604,0
10,0.796,180,-26.33684668413936,0.9999999999999998,116.565051,0.12375000127487024,0.040198460942595604,0
10,0.797,180,-26.33684668413936,0.9999999999999998,116.565051,0.12375000127487024,0.040198460942595604,0
10,0.798,180,-26.33684668413936,0.9999999999999998,116.565051,0.12375000127487024,0.040198460942595604,0
10,0.799,180,-26.33684668413936,0.9999999999999998,116.565051,0.12375000127487024,0.040198460942595604,0
10,0.8,180,-26.33684668413936,0.9999999999999998,116.565051,0.12375000127487024,0.040198460942595604,0
10,0.801,179.61538461538464,-26.33684668413936,0.9889293385060768,116.565051,0.12375000127487024,0.040198460942595604,0
10,0.802,179.23076923076923,-26.33684668413936,0.9778689456206598,116.565051,0.12375000127487024,0.040198460942595604,0
10,0.803,178.84615384615384,-26.33684668413936,0.9668178264828019,116.565051,0.12375000127487024,0.040198460942595604,0
10,0.804,178.46153846153848,-26.33684668413936,0.9557749880526155,116.565051,0.12375000127487024,0.040198460942595604,0
10,0.805,178.0769230769231,-26.33684668413936,0.944739438754,116.565051,0.12375000127487024,0.040198460942595604,0
10,0.806,177.6923076923077,-26.33684668413936,0.9337101881179302,116.565051,0.12375000127487024,0.040198460942595604,0
10,0.807,177.30769230769232,-26.33684668413936,0.9226862464260535,116.565051,0.12375000127487024,0.040198460942595604,0
10,0.808,176.92307692307693,-26.33684668413936,0.9116666243543144,116.565051,0.12375000127487024,0.040198460942595604,0
10,0.809,176.53846153846152,-26.33684668413936,0.9006503326163251,116.565051,0.12375000127487024,0.040198460942595604,0
10,0.81,176.15384615384616,-26.33684668413936,0.8896363816062274,116.565051,0.12375000127487024,0.040198460942595604,0
10,0.811,175.76923076923077,-26.33684668413936,0.8786237810407466,116.565051,0.12375000127487024,0.040198460942595604,0
10,0.812,175.3846153846154,-26.33684668413936,0.8676115396001867,116.565051,0.12375000127487024,0.040198460942595604,0
10,0.813,175.00000000000003,-26.33684668413936,0.856598664568063,116.565051,0.12375000127487024,0.040198460942595604,0
10,0.814,174.61538461538464,-26.33684668413936,0.8455841614691106,116.565051,0.12375000127487024,0.040198460942595604,0
10,0.815,174.23076923076928,-26.33684668413936,0.834567033705378,116.565051,0.12375000127487024,0.040198460942595604,0
10,0.816,173.8461538461539,-26.33684668413936,0.8235462821901204,116.565051,0.12375000127487024,0.040198460942595604,0
10,0.817,173.4615384615385,-26.33684668413936,0.8125209049791972,116.565051,0.12375000127487024,0.040198460942595604,0
10,0.818,173.07692307692312,-26.33684668413936,0.8014898968996915,116.565051,0.12375000127487024,0.040198460942595604,0
10,0.819,172.69230769230774,-26.33684668413936,0.7904522491754515,116.565051,0.12375000127487024,0.040198460942595604,0
10,0.82,172.30769230769232,-26.33684668413936,0.7794069490492377,116.565051,0.12375000127487024,0.040198460942595604,0
10,0.821,171.92307692307696,-26.33684668413936,0.7683529794011934,116.565051,0.12375000127487024,0.040198460942595604,0
10,0.822,171.53846153846158,-26.33684668413936,0.7572893183633006,116.565051,0.12375000127487024,0.040198460942595604,0
10,0.823,171.1538461538462,-26.33684668413936,0.7462149389295234,116.85600825841131,0.12162899537150351,0.035956927174729536,0
10,0.824,170.76923076923083,-26.33684668413936,0.7351288085613041,117.70819796903102,0.11429634423826229,0.02135944733230022,0
10,0.825,170.38461538461542,-26.33684668413936,0.7240298887880761,118.56137079990926,0.10524489673099002,0.0034546099650889506,0
10,0.826,170.00000000000003,-26.33684668413936,0.7129171348024699,119.41560706528188,0.0955581166806625,0,0
10,0.827,169.61538461538467,-26.33684668413936,0.701789495049848,120.27098759804669,0.08593762065321942,0,0
10,0.828,169.23076923076925,-26.33684668413936,0.6906459108118268,121.12759378177776,0.07639981372129023,0,0
10,0.829,168.84615384615387,-26.33684668413936,0.6794853157834176,121.98550758323088,0.06696150994081318,0,0
10,0.83,168.4615384615385,-26.33684668413936,0.668306635643407,122.84481158536815,0.05774190007048263,0,0
10,0.831,168.07692307692312,-26.33684668413936,0.6571087876176065,123.7055890209309,0.051817670112559,0,0
10,0.832,167.6923076923077,-26.33684668413936,0.645890680034561,124.56792380659265,0.05014438719884051,0,0
10,0.833,167.30769230769235,-26.33684668413936,0.63465121187333,125.43190057772073,0.049318125497228804,0,0
10,0.834,166.92307692307696,-26.33684668413936,0.6233892723029026,126.29760472378165,0.048611721805584374,0,0
10,0.835,166.53846153846155,-26.33684668413936,0.612103740212837,127.16512242442072,0.04789073761235829,0.000004277213331072005,0
10,0.836,166.1538461538462,-26.33684668413936,0.6007934837346699,128.03454068625126,0.04480732252688191,0.001126185250557743,0
10,0.837,165.7692307692308,-26.33684668413936,0.5894573597536358,128.90594738038868,0.039751250173164054,0.0038724355186898762,0
10,0.838,165.38461538461544,-26.33684668413936,0.5780942134102386,129.77943128076473,0.03485936816666224,0.0078185715593162,0
10,0.839,165.00000000000006,-26.33684668413936,0.5667028775911694,130.65508210326033,0.030195892893601473,0.010425537835709875,0
10,0.84,164.61538461538464,-26.33684668413936,0.5552821724090814,131.53299054569547,0.025781478777216593,0.008998930957492712,0
10,0.841,164.23076923076928,-26.33684668413936,0.5438309046706956,132.4132483287159,0.021637211569319303,0.003381433401015377,0
10,0.842,163.84615384615387,-26.33684668413936,0.5323478673326891,133.29594823761866,0.017784611315377008,0.00006175467067048857,0
10,0.843,163.46153846153848,-26.33684668413936,0.5208318389448245,134.1811841651589,0.014245635187168482,0,0
10,0.844,163.0769230769231,-26.33684668413936,0.5092815830797204,135.06905115538336,0.011042680149662143,0,0
10,0.845,162.6923076923077,-26.33684668413936,0.4976958477486799,135.95964544853544,0.00819858542648344,0,0
10,0.846,162.30769230769235,-26.33684668413936,0.48607336480294566,136.8530645270808,0.005736634725870271,0,0
10,0.847,161.92307692307693,-26.33684668413936,0.47441284931972827,137.74940716290314,0.0036805581863976755,0,0
10,0.848,161.53846153846158,-26.33684668413936,0.4627129989723545,138.648773465721,0.0020545339989284095,0,0
10,0.849,161.1538461538462,-26.33684668413936,0.4509724933838128,139.55126493278064,0.0008831896582184307,0,0
10,0.85,160.7692307692308,-26.33684668413936,0.4391899934629961,140.4569844998788,0.00019160279438645844,0,0
10,0.851,160.38461538461542,-26.33684668413936,0.42736414072286194,141.36603659377596,0,0,0
10,0.852,160.00000000000003,-26.33684668413936,0.4154935565797447,142.2785271860578,0,0,0
10,0.853,159.61538461538464,-26.33684668413936,0.40357684163299484,143.19456384850955,0,0,0
10,0.854,159.23076923076925,-26.33684668413936,0.3916125749240842,144.11425581006833,0,0,0
10,0.855,158.84615384615387,-26.33684668413936,0.3795993131743124,145.03771401542056,0,0,0
10,0.856,158.46153846153848,-26.33684668413936,0.36753559000016256,145.9650511853177,0,0,0
10,0.857,158.0769230769231,-26.33684668413936,0.3554199151053704,146.89638187868152,0,0,0
10,0.858,157.69230769230774,-26.33684668413936,0.3432507734486728,147.83182255657943,0,0,0
10,0.859,157.30769230769232,-26.33684668413936,0.3310266243862105,148.77149164814767,0,0,0
10,0.86,156.92307692307693,-26.33684668413936,0.3187459007874782,149.71550961854842,0,0,0
10,0.861,156.53846153846158,-26.33684668413936,0.30640700812366983,150.66399903904832,0,0,0
10,0.862,156.1538461538462,-26.33684668413936,0.2940083235272423,151.61708465930988,0,0,0
10,0.863,155.7692307692308,-26.33684668413936,0.2815481948214374,152.57489348199198,0,0,0
10,0.864,155.38461538461542,-26.33684668413936,0.26902493951844625,153.53755483976087,0,0,0
10,0.865,155.00000000000003,-26.33684668413936,0.2564368437848761,154.50520047481464,0,0,0
10,0.866,154.6153846153846,-26.33684668413936,0.24378216137305803,155,0,0,0
10,0.867,154.23076923076925,-26.33684668413936,0.23105911251673006,155,0,0,0
10,0.868,153.84615384615387,-26.33684668413936,0.21826588278950187,155,0,0,0
10,0.869,153.46153846153848,-26.33684668413936,0.20540062192448033,155,0,0,0
10,0.87,153.0769230769231,-26.33684668413936,0.19246144259333056,155,0,0,0
10,0.871,152.6923076923077,-26.33684668413936,0.17944641914295895,155,0,0,0
10,0.872,152.30769230769235,-26.33684668413936,0.16635358628795383,155,0,0,0
10,0.873,151.92307692307693,-26.33684668413936,0.15318093775677113,155,0,0,0
10,0.874,151.53846153846155,-26.33684668413936,0.1399264248896172,155,0,0,0
10,0.875,151.1538461538462,-26.33684668413936,0.12658795518581764,155,0,0,0
10,0.876,150.76923076923077,-26.33684668413936,0.11316339079840103,155,0,0,0
10,0.877,150.38461538461542,-26.33684668413936,0.09965054697348621,155,0,0,0
10,0.878,150.00000000000003,-26.33684668413936,0.08604719043193157,155,0,0,0
10,0.879,149.61538461538464,-26.33684668413936,0.0723510376906056,155,0,0,0
10,0.88,149.23076923076923,-26.33684668413936,0.058559753320479,155,0,0,0
10,0.881,148.84615384615387,-26.33684668413936,0.04467094813858731,155,0,0,0
10,0.882,148.46153846153848,-26.33684668413936,0.030682177330784613,155,0,0,0
10,0.883,148.0769230769231,-26.33684668413936,0.01659093850202621,155,0,0,0
10,0.884,147.6923076923077,-26.33684668413936,0.0023946696507595754,155,0,0,0
10,0.885,147.30769230769235,-26.33684668413936,0,155,0,0,0
10,0.886,146.92307692307693,-26.33684668413936,0,155,0,0,0
10,0.887,146.53846153846158,-26.33684668413936,0,155,0,0,0
10,0.888,146.1538461538462,-26.33684668413936,0,155,0,0,0
10,0.889,145.76923076923077,-26.33684668413936,0,155,0,0,0
10,0.89,145.3846153846154,-26.33684668413936,0,155,0,0,0
10,0.891,145.00000000000003,-26.33684668413936,0,155,0,0,0
10,0.892,144.61538461538464,-26.33684668413936,0,155,0,0,0
10,0.893,144.23076923076925,-26.33684668413936,0,155,0,0,0
10,0.894,143.84615384615387,-26.33684668413936,0,155,0,0,0
10,0.895,143.4615384615385,-26.33684668413936,0,155,0,0,0
10,0.896,143.0769230769231,-26.33684668413936,0,155,0,0,0
10,0.897,142.6923076923077,-26.33684668413936,0,155,0,0,0
10,0.898,142.30769230769232,-26.33684668413936,0,155,0,0,0
10,0.899,141.92307692307693,-26.33684668413936,0,155,0,0,0
10,0.9,141.53846153846155,-26.33684668413936,0,155,0,0,0
10,0.901,141.1538461538462,-26.33684668413936,0,155,0,0,0
10,0.902,140.7692307692308,-26.33684668413936,0,155,0,0,0
10,0.903,140.3846153846154,-26.33684668413936,0,155,0,0,0
10,0.904,140,-26.33684668413936,0,155,0,0,0
10,0.905,139.6153846153846,-26.33684668413936,0,155,0,0,0
10,0.906,139.23076923076925,-26.33684668413936,0,155,0,0,0
10,0.907,138.84615384615384,-26.33684668413936,0,155,0,0,0
10,0.908,138.46153846153848,-26.33684668413936,0,155,0,0,0
10,0.909,138.0769230769231,-26.33684668413936,0,155,0,0,0
10,0.91,137.69230769230768,-26.33684668413936,0,155,0,0,0
10,0.911,137.30769230769232,-26.33684668413936,0,155,0,0,0
10,0.912,136.92307692307693,-26.33684668413936,0,155,0,0,0
10,0.913,136.53846153846155,-26.33684668413936,0,155,0,0,0
10,0.914,136.15384615384616,-26.33684668413936,0,155,0,0,0
10,0.915,135.76923076923077,-26.33684668413936,0,155,0,0,0
10,0.916,135.38461538461542,-26.33684668413936,0,155,0,0,0
10,0.917,135,-26.33684668413936,0,155,0,0,0
10,0.918,134.6153846153846,-26.33684668413936,0,155,0,0,0
10,0.919,134.23076923076925,-26.33684668413936,0,155,0,0,0
10,0.92,133.84615384615384,-26.33684668413936,0,155,0,0,0
10,0.921,133.46153846153848,-26.33684668413936,0,155,0,0,0
10,0.922,133.0769230769231,-26.33684668413936,0,155,0,0,0
10,0.923,132.6923076923077,-26.33684668413936,0,155,0,0,0
10,0.924,132.3076923076923,-26.33684668413936,0,155,0,0,0
10,0.925,131.92307692307693,-26.33684668413936,0,155,0,0,0
10,0.926,131.53846153846155,-26.33684668413936,0,155,0,0,0
10,0.927,131.15384615384616,-26.33684668413936,0,155,0,0,0
10,0.928,130.76923076923077,-26.33684668413936,0,155,0,0,0
10,0.929,130.3846153846154,-26.33684668413936,0,155,0,0,0
10,0.93,130,-26.33684668413936,0,155,0,0,0
10,0.931,129.57142857142858,-26.432034588651653,0,155,0,0,0
10,0.932,129.14285714285714,-26.527222493163947,0,155,0,0,0
10,0.933,128.71428571428572,-26.622410397676248,0,155,0,0,0
10,0.934,128.28571428571428,-26.71759830218854,0,155,0,0,0
10,0.935,127.85714285714286,-26.812786206700835,0,155,0,0,0
10,0.936,127.42857142857143,-26.90797411121313,0,155,0,0,0
10,0.937,127.00000000000003,-27.003162015725422,0,155,0,0,0
10,0.938,126.57142857142863,-27.098349920237712,0,155,0,0,0
10,0.939,126.14285714285718,-27.193537824750006,0,155,0,0,0
10,0.94,125.7142857142858,-27.2887257292623,0,155,0,0,0
10,0.941,125.28571428571433,-27.383913633774593,0,155,0,0,0
10,0.942,124.8571428571429,-27.479101538286887,0,155,0,0,0
10,0.943,124.42857142857146,-27.574289442799188,0,155,0,0,0
10,0.944,124.00000000000006,-27.66947734731148,0,155,0,0,0
10,0.945,123.57142857142863,-27.764665251823775,0,155,0,0,0
10,0.946,123.1428571428572,-27.85985315633607,0,155,0,0,0
10,0.947,122.71428571428574,-27.955041060848362,0,155,0,0,0
10,0.948,122.2857142857143,-28.05022896536066,0,155,0,0,0
10,0.949,121.8571428571429,-28.145416869872957,0,155,0,0,0
10,0.95,121.42857142857147,-28.24060477438525,0,155,0,0,0
10,0.951,121.00000000000003,-28.335792678897544,0,155,0,0,0
10,0.952,120.57142857142861,-28.430980583409838,0,155,0,0,0
10,0.953,120.14285714285718,-28.52616848792213,0,155,0,0,0
10,0.954,119.71428571428575,-28.62135639243443,0,155,0,0,0
10,0.955,119.28571428571432,-28.716544296946722,0,155,0,0,0
10,0.956,118.85714285714292,-28.81173220145902,0,155,0,0,0
10,0.957,118.42857142857149,-28.906920105971313,0,155,0,0,0
10,0.958,118.00000000000003,-29.002108010483607,0,155,0,0,0
10,0.959,117.57142857142858,-29.097295914995904,0,155,0,0,0
10,0.96,117.14285714285718,-29.192483819508197,0,155,0,0,0
10,0.961,116.71428571428577,-29.28767172402049,0,155,0,0,0
10,0.962,116.28571428571432,-29.382859628532785,0,155,0,0,0
10,0.963,115.85714285714289,-29.478047533045082,0,155,0,0,0
10,0.964,115.42857142857147,-29.573235437557376,0,155,0,0,0
10,0.965,115.00000000000003,-29.668423342069673,0,155,0,0,0
10,0.966,114.57142857142861,-29.763611246581966,0,155,0,0,0
10,0.967,114.14285714285718,-29.85879915109426,0,155,0,0,0
10,0.968,113.71428571428575,-29.953987055606554,0,155,0,0,0
10,0.969,113.28571428571432,-30.049174960118847,0,155,0,0,0
10,0.97,112.85714285714289,-30.144362864631148,0,155,0,0,0
10,0.971,112.42857142857146,-30.23955076914344,0,155,0,0,0
10,0.972,112.00000000000004,-30.334738673655735,0,155,0,0,0
10,0.973,111.57142857142861,-30.42992657816803,0,155,0,0,0
10,0.974,111.14285714285718,-30.525114482680323,0,155,0,0,0
10,0.975,110.71428571428575,-30.620302387192623,0,155,0,0,0
10,0.976,110.28571428571432,-30.715490291704917,0,155,0,0,0
10,0.977,109.85714285714289,-30.81067819621721,0,155,0,0,0
10,0.978,109.42857142857146,-30.905866100729504,0,155,0,0,0
10,0.979,109.00000000000003,-31.001054005241798,0,155,0,0,0
10,0.98,108.5714285714286,-31.0962419097541,0,155,0,0,0
10,0.981,108.14285714285717,-31.191429814266392,0,155,0,0,0
10,0.982,107.71428571428575,-31.286617718778686,0,155,0,0,0
10,0.983,107.28571428571433,-31.38180562329098,0,155,0,0,0
10,0.984,106.8571428571429,-31.476993527803273,0,155,0,0,0
10,0.985,106.42857142857144,-31.572181432315567,0,155,0,0,0
10,0.986,106.00000000000001,-31.66736933682786,0,155,0,0,0
10,0.987,105.57142857142858,-31.76255724134016,0,155,0,0,0
10,0.988,105.14285714285717,-31.857745145852455,0,155,0,0,0
10,0.989,104.71428571428574,-31.95293305036475,0,155,0,0,0
10,0.99,104.2857142857143,-32.04812095487704,0,155,0,0,0
10,0.991,103.85714285714289,-32.143308859389336,0,155,0,0,0
10,0.992,103.42857142857146,-32.23849676390164,0,155,0,0,0
10,0.993,103.00000000000003,-32.33368466841393,0,155,0,0,0
10,0.994,102.5714285714286,-32.428872572926224,0,155,0,0,0
10,0.995,102.14285714285717,-32.52406047743852,0,155,0,0,0
10,0.996,101.71428571428574,-32.61924838195081,0,155,0,0,0
10,0.997,101.2857142857143,-32.71443628646311,0,155,0,0,0
10,0.998,100.85714285714288,-32.809624190975406,0,155,0,0,0
10,0.999,100.42857142857146,-32.9048120954877,0,155,0,0,0
10,1,100.00000000000003,-32.99999999999999,0,155,0,0,0